date,Equity_equal_weight,Equity_min_variance,Equity_max_sharpe,Equity_risk_parity,Crypto_equal_weight,Crypto_min_variance,Crypto_max_sharpe,Crypto_risk_parity,Combined_equal_weight,Combined_min_variance,Combined_max_sharpe,Combined_risk_parity
2020-10-02,,,,,-0.021891144641811848,-0.009110719274304162,-0.03279451631094113,-0.02094287235788836,,,,
2020-10-03,,,,,0.004360856473343322,-0.0034722695174774845,0.002717982778323918,0.004253359881052944,,,,
2020-10-04,,,,,0.01790188760050092,0.03105400435337541,0.023395824964197773,0.01824699409761972,,,,
2020-10-05,,,,,0.003591528393123089,0.011993560762427254,0.007517691879511361,0.0037521199721199656,,,,
2020-10-06,,,,,-0.009626353837821833,-0.019141886173249467,-0.04197554462625751,-0.00927997743462369,,,,
2020-10-07,,,,,0.0024881630094607645,0.008718520301695006,0.006213213237979705,0.0024679441025821577,,,,
2020-10-08,,,,,0.015037245037404369,0.01880969910788882,0.025725900924237627,0.014651026774308042,,,,
2020-10-09,,,,,0.023432526373623766,0.011536030313313829,0.049807997503244286,0.022353987990464022,,,,
2020-10-10,,,,,0.01344768307528349,0.014216806954896882,0.021374232259037777,0.013371298994506573,,,,
2020-10-11,,,,,0.01185566818473901,0.006958373309070588,0.012591191526160804,0.011556160745017663,,,,
2020-10-12,,,,,0.011390327435422478,0.010419767335655715,0.03324275544276541,0.010864410635714406,,,,
2020-10-13,,,,,-0.004764471088864998,-0.007143227013381875,-0.014268388442916013,-0.00516940766962589,,,,
2020-10-14,,,,,-0.005807592202763257,-0.009959473523141487,-0.008640133156705001,-0.006216976018713566,,,,
2020-10-15,,,,,-0.0048135694737722725,-0.001745249046928393,-0.005716113905861523,-0.004825581243521302,,,,
2020-10-16,,,,,-0.018634310332511863,-0.017826381536963296,-0.027331845849147537,-0.017645928215610174,,,,
2020-10-17,,,,,0.004269494322044054,0.002742991108616842,0.012448665821171169,0.0043739728712954735,,,,
2020-10-18,,,,,0.007325791861006193,0.008886030790707898,0.019738255528941415,0.006784367866503082,,,,
2020-10-19,,,,,0.01499738070744435,0.01984168487602863,0.007714931623281936,0.015775122630445042,,,,
2020-10-20,,,,,-0.022213425468937426,0.0055427588509296116,-0.04050620028443714,-0.020828015439917247,,,,
2020-10-21,,,,,0.054879308116212576,0.05981431383638138,0.051238024844255346,0.05494829331541643,,,,
2020-10-22,,,,,0.02784915510130621,0.014703378272287418,0.04920173542048824,0.026846493024112867,,,,
2020-10-23,,,,,-0.007714060513975308,-0.00448892066649967,-0.015126800622165995,-0.0075934183065864405,,,,
2020-10-24,,,,,0.01576710172702136,0.010787597440739906,0.0037483551339841654,0.015969881350146924,,,,
2020-10-25,,,,,-0.008168543358127035,-0.008396379905529758,-0.01547791597627497,-0.00813884379780557,,,,
2020-10-26,,,,,-0.022532438611657046,-0.00466475658105487,-0.030455836222722812,-0.02164465952706638,,,,
2020-10-27,,,,,0.015420105915731465,0.03392531226197316,0.013660022806410481,0.016101368886991478,,,,
2020-10-28,,,,,-0.023111708865827422,-0.027957366694468536,-0.03775497865897407,-0.0232951192334152,,,,
2020-10-29,,,,,-0.008184334694409667,0.002302261117976192,-0.018285895209217133,-0.007544444265240919,,,,
2020-10-30,,,,,-0.018665028500040506,0.00016189747560145518,-0.014750667885660502,-0.018024406860036486,,,,
2020-10-31,,,,,0.008407130841797849,0.011641472881496636,0.004245997824008403,0.00874796943460692,,,,
2020-11-01,,,,,0.009479899135041459,-0.0015849320034998337,0.028641232615625678,0.00807871316021492,,,,
2020-11-02,,,,,-0.03653268886625193,-0.015775579633586823,-0.04122869500817525,-0.03561451915481348,,,,
2020-11-03,,,,,-0.0032994927041297695,0.0238049323736759,0.019687753644174237,-0.0027309534727391702,,,,
2020-11-04,,,,,0.004323697240461589,0.0036048961939627614,0.016547333275778505,0.0036333131187274974,,,,
2020-11-05,,,,,0.04879115808716291,0.07002854060618738,0.05262225377302248,0.05026902447233825,,,,
2020-11-06,,,,,0.05615329796816908,0.023735726674653304,0.06979352489746231,0.053601413161782206,,,,
2020-11-07,,,,,-0.043483015895242116,-0.041049971508159394,-0.05964172797716484,-0.04317015201464307,,,,
2020-11-08,,,,,0.033233010250257426,0.0312874171930238,0.04681636140577896,0.03246549825707239,,,,
2020-11-09,,,,,-0.019588407856058886,-0.010946785587688853,-0.011581423408006327,-0.019459585606513334,,,,
2020-11-10,,,,,0.0004896625641006124,0.004492394733999023,0.0015913987872465884,0.0006287171165735952,,,,
2020-11-11,,,,,0.010143437677480173,0.01857791140108966,0.01241173228905571,0.010337422267573783,,,,
2020-11-12,,,,,0.0005386886858012807,0.016935199749844934,0.007395874177268059,0.0011915832196202662,,,,
2020-11-13,,,,,0.028636976284083973,0.02030795810449007,0.011770729320398157,0.028558451001208875,,,,
2020-11-14,,,,,-0.015612969029313563,-0.0025330819916338596,-0.018015727550974147,-0.01496540615386154,,,,
2020-11-15,,,,,-0.016525656529147482,-0.001439130090463233,-0.02175626778667804,-0.015266564179560163,,,,
2020-11-16,,,,,0.046549892129067176,0.05293516646078809,0.03869597498534433,0.04680566958085387,,,,
2020-11-17,,,,,0.05204232760453974,0.05726277350611233,0.05357261024449363,0.052404249414422316,,,,
2020-11-18,,,,,-0.009936278849795133,-0.007947794544534727,-0.011481540407447921,-0.009350293769405014,,,,
2020-11-19,,,,,0.005675267946849406,0.015625644245492586,-0.004209720205439821,0.0060533478450151175,,,,
2020-11-20,,,,,0.05302752846407591,0.061513371604184144,0.08292918396414482,0.05174392254898471,,,,
2020-11-21,,,,,0.14395623030867744,0.1871106111495693,0.07488607077515066,0.146512746600367,,,,
2020-11-22,,,,,-0.02676237164833182,-0.02275061750459073,0.03975238278774762,-0.029229326061305117,,,,
2020-11-23,,,,,0.12948090591086447,0.1800851536808638,0.03779271577581554,0.13306291933141323,,,,
2020-11-24,,,,,0.1091031730000655,0.08122958299871133,0.06591074185846602,0.1123645792671593,,,,
2020-11-25,,,,,-0.05342953924272913,-0.0488421201987439,-0.0471157900264115,-0.05247142586873325,,,,
2020-11-26,,,,,-0.12392013507113164,-0.12050453064402061,-0.09879729671614718,-0.12438296672714516,,,,
2020-11-27,,,,,0.023913509429615957,0.021824891011554888,0.009623515254531709,0.025494713979112044,,,,
2020-11-28,,,,,0.05253747523602772,0.07460376288614762,0.10721112229387468,0.0508265998709321,,,,
2020-11-29,,,,,0.019677655309619617,-0.0007761206183076602,0.017778132559623114,0.018242167440231927,,,,
2020-11-30,,,,,0.07097510416991822,0.08726031978318179,0.050605697161161485,0.0716420921042557,,,,
2020-12-01,,,,,-0.06797176128702298,-0.048448741916086106,-0.05882994870331743,-0.06632924816877261,,,,
2020-12-02,,,,,0.02107460233857528,0.02139566521411307,0.018024635247607224,0.021520620549032397,,,,
2020-12-03,,,,,0.015067967051520883,0.016873680021082405,0.017041881658468018,0.015701387047189132,,,,
2020-12-04,,,,,-0.08152350861517088,-0.04671986807656046,-0.06902555965752309,-0.07895862873614386,,,,
2020-12-05,,,,,0.044238282876390825,0.026402491535971313,0.042789698651179014,0.04270167678166381,,,,
2020-12-06,,,,,0.00936906866071846,0.008790933544545708,0.010898986770082716,0.008424659328087586,,,,
2020-12-07,,,,,-0.015699276533872188,-0.008996814572514882,-0.018158511755436625,-0.014494203633763442,,,,
2020-12-08,,,,,-0.07034257497418472,-0.05183609101726316,-0.06356415656553688,-0.06887837964183255,,,,
2020-12-09,,,,,0.03684153008369282,0.018789436286686344,0.03957854276546171,0.03376413193508046,,,,
2020-12-10,,,,,-0.027883689824153537,-0.017257238889053825,-0.02828432285906554,-0.0265721997482283,,,,
2020-12-11,,,,,-0.02693740816192984,-0.011827957215606517,-0.022694749102242315,-0.025413800442909286,,,,
2020-12-12,,,,,0.02762033983663024,0.03809523094246331,0.036616084827684546,0.028802580623651174,,,,
2020-12-13,,,,,0.04034339937304878,0.0190981514015261,0.04024482282343716,0.03817221021274774,,,,
2020-12-14,,,,,-0.004087447267204858,0.002459895340361221,0.0015166290041456086,-0.003538695889253163,,,,
2020-12-15,,,,,-0.0036798828565478784,0.0077642716915474145,-0.0040821600436875315,-0.0018198077782060201,,,,
2020-12-16,,,,,0.10546735210971075,0.09019409952037663,0.10405575560764815,0.10233940663132099,,,,
2020-12-17,,,,,0.009888917234906036,0.05247233020768197,0.02745161065180003,0.01263420162700351,,,,
2020-12-18,,,,,0.015155018381917908,0.011983799713533971,0.011651423356396922,0.015708839924034435,,,,
2020-12-19,,,,,0.013790445494300932,0.02543759671799209,0.013242539385186979,0.01565116423761544,,,,
2020-12-20,,,,,-0.0055759793954341386,-0.012215312398745282,-0.02108685045043071,-0.004657238027634869,,,,
2020-12-21,,,,,-0.06155292567046387,-0.035157457735969844,-0.04263623870835842,-0.060767676081632735,,,,
2020-12-22,,,,,0.0029169318350360084,0.030660445194967075,0.022070119838041868,0.0061360746631483505,,,,
2020-12-23,,,,,-0.16479064545891137,-0.05274013273150271,-0.09493962043797655,-0.15686697632467672,,,,
2020-12-24,,,,,0.13088720446010557,0.04153234264080105,0.08838322054432442,0.12234596601114262,,,,
2020-12-25,,,,,0.02590357313179433,0.036887086459124266,0.020073289864386928,0.029467426399734566,,,,
2020-12-26,,,,,-0.0021636567802180593,0.052805779441703324,0.02894671066685692,0.0011996249857263485,,,,
2020-12-27,,,,,0.010300683386022625,0.0004432076034586746,0.0010429833710273498,0.011947874220282565,,,,
2020-12-28,,,,,0.026982186027916952,0.028929306524309143,0.046671227307996124,0.0278591840066912,,,,
2020-12-29,,,,,-0.021987362638587374,-0.00373222228055649,0.011162396431856687,-0.021980639691123016,,,,
2020-12-30,,,,,-0.00791083225521614,0.037139524496690696,0.01378556075708529,-0.004620615728090669,,,,
2020-12-31,,,,,-0.010734631048652776,0.0035628346116864397,-0.0047332300345039584,-0.010564703247274106,,,,
2021-01-01,,,,,0.011329133285298942,0.01114792180796277,0.007411944160525081,0.008542717975501211,,,,
2021-01-02,,,,,0.02072716260525204,0.07763284618021435,0.08414745983640029,0.027057213428081858,,,,
2021-01-03,,,,,0.11625440576667895,0.03477449283090808,0.03747285535993683,0.12031427980307678,,,,
2021-01-04,,,,,0.04516079223322002,-0.009957410017097401,-0.01024930475813793,0.038610899192890576,,,,
2021-01-05,0.012674408604811125,0.0011597101106474276,0.005811474762916982,0.012674408604811125,0.04535021621589661,0.04123512921441831,0.07297591889203466,0.043012976899361496,0.018120376539992038,0.0011587748830556117,0.048680782722652055,0.018120376539992038
2021-01-06,0.013264430714510802,0.006048228795653768,-0.011814849652944642,0.013264430714510802,0.17477270939392503,0.07911913995292706,0.10640241958685026,0.155552544021759,0.040182477161079845,0.006044102665731821,0.08779241524961434,0.040182477161079845
2021-01-07,0.009679796812702828,0.006337664009185117,0.02124437587660579,0.009679796812702828,0.01246324314431502,0.05642948640685164,0.049917609688366935,0.0065266847066015165,0.010143704534638191,0.0063385795391115544,0.041345426317270804,0.010143704534638191
2021-01-08,0.00286576936205043,-0.002382300750562865,-0.0003732081234031452,0.00286576936205043,-0.007003682538939726,0.025400665149271508,0.0339718602843981,-0.005657730936636623,0.0012208607118854053,-0.0023789769890941942,0.01584575162345334,0.0012208607118854053
2021-01-09,,,,,0.08814075491705675,0.011300408206974196,-0.0011509636766664337,0.09112468613783177,,,,
2021-01-10,,,,,-0.026760593955873282,-0.036934428475746926,-0.05116371664555651,-0.023776036037517066,,,,
2021-01-11,-8.806647741709266e-05,0.00034371971114734585,-0.0037094237917039584,-8.806647741709266e-05,-0.1287050223078924,-0.08471870610670464,-0.07589648310354842,-0.13208488026243442,-0.02152422578249631,0.00034649601322470384,-0.0428465200666117,-0.02152422578249631
2021-01-12,0.003012843574414887,0.0013895174126100915,-0.017085390381237714,0.003012843574414887,-0.01873015718865717,-0.04072772437385948,-0.0361409827687473,-0.022768484079523407,-0.0006109898860971216,0.001392860641048699,-0.026130986580543265,-0.0006109898860971216
2021-01-13,8.709165777319482e-05,-0.0017111682435762216,-0.0009006355513266543,8.709165777319482e-05,0.0823859488799264,0.09278882837355006,0.09908071102343474,0.08392290156413178,0.013803567861465397,-0.001708648910128785,0.06162879108219065,0.013803567861465397
2021-01-14,0.003088648294878564,0.0038722677476599513,-0.01474225764435554,0.003088648294878564,0.019721432969461637,0.040273461545249134,0.043443602204767014,0.023458083012519355,0.005860779073975744,0.003873627603791336,0.026616083113195715,0.005860779073975744
2021-01-15,-0.010835450462099163,-0.005263346037101541,-0.004875774909598098,-0.010835450462099163,-0.03879468771114989,-0.05047329534446442,-0.05613310620527369,-0.038083417821856716,-0.015495323336940946,-0.005266223374016036,-0.045194806026129915,-0.015495323336940946
2021-01-16,,,,,0.026781295053940557,-0.011156767527933388,0.0037471096367304862,0.025652069752302258,,,,
2021-01-17,,,,,0.002929735952032664,-0.009467969894374616,-0.0005459090893548469,0.0010606005304276858,,,,
2021-01-18,,,,,0.025718389419126575,0.026649136575704023,0.018222538995550052,0.02705674443817023,,,,
2021-01-19,0.00728379663203324,0.009701761177807598,0.009692517917708636,0.00728379663203324,0.009387901143479227,-0.015530752886609751,-0.013471369641756333,0.009377305119821482,0.007634480717274238,0.009700393480692831,-0.009569343314598402,0.007634480717274238
2021-01-20,0.007972222095949907,0.015167696178481556,0.02753011877561911,0.007972222095949907,-0.00588969894780378,-0.012708700262229915,-0.010760894200225125,-0.006353682836774406,0.00566190192199096,0.015168753201497746,0.0011460743657194248,0.00566190192199096
2021-01-21,-0.00735487307514049,-0.009324131029649102,-0.0014035363166525787,-0.00735487307514049,-0.12997330223040066,-0.12529861391616998,-0.1378861555642745,-0.1306386311384528,-0.027791277934350513,-0.00932414612539903,-0.08349810820084189,-0.027791277934350513
2021-01-22,-0.0028008371292316966,-0.0004780874966229553,-0.005576250161710813,-0.0028008371292316966,0.060561232008807364,0.06404567005241861,0.07735619339565612,0.06141343812311392,0.007759507727108147,-0.0004766993207303517,0.04209293103355853,0.007759507727108147
2021-01-23,,,,,-0.0021043045962372054,-0.019933879173980033,-0.026294949150070645,-0.0023056027522057876,,,,
2021-01-24,,,,,0.027888783873007285,0.011022033238514023,0.009718051011001394,0.029652672300411978,,,,
2021-01-25,0.0019324605381932259,0.0033192866429965226,0.0016174049222579898,0.0019324605381932259,-0.022128620741430138,-0.0010925772746817031,-0.0014670838946061213,-0.02160662079029411,-0.002077719675077335,0.0033204470951240937,0.0007204931962659052,-0.002077719675077335
2021-01-26,-0.005039220682649927,-0.001816905555304758,-0.008065195291532636,-0.005039220682649927,-0.002506439651979331,0.004401152911920369,0.0058141815510961035,-0.0023682405028152393,-0.004617090510871492,-0.0018197469055795234,-1.0668068574128286e-05,-0.004617090510871492
2021-01-27,-0.02581577840422142,-0.021641429053723748,-0.04037563072222197,-0.02581577840422142,-0.07433293275748029,-0.06196372954210137,-0.06853754753840613,-0.07402426982994838,-0.033901970796431244,-0.021650367130684127,-0.05396469111808356,-0.033901970796431244
2021-01-28,0.010643214962448225,0.0010498551838476675,0.020776810843578974,0.010643214962448225,0.09385199353492835,0.0921125763517858,0.1000946141372685,0.09129687916989541,0.024511344724528244,0.001049533990903107,0.07427339961510719,0.024511344724528244
2021-01-29,-0.01479378312667068,-0.010465533195003726,-0.006497247458733881,-0.01479378312667068,0.02826646477641599,0.03902069073966108,0.02325469044977402,0.027968752158874028,-0.0076170751428229,-0.010463146060920706,0.012832426200119746,-0.0076170751428229
2021-01-30,,,,,0.07294494996215131,-0.0072903894059704825,0.0035145321312654073,0.05198495651456567,,,,
2021-01-31,,,,,-0.016892319482285013,-0.030010069195500214,-0.03551347776660501,-0.020661470332389315,,,,
2021-02-01,0.008517686014717273,0.0007049835571299621,0.0033181090945025517,0.008517686014717273,0.018638160220836718,0.018214791797958426,0.03697708026925307,0.01972098121791696,0.010204431715737181,0.0007194327052321926,0.019943839045195963,0.010204431715737181
2021-02-02,0.017473889706152945,0.006388646366950013,0.023522882164642808,0.017473889706152945,0.04105192217355688,0.04775565607488258,0.07504799159314068,0.04170962061186048,0.02140356178405361,0.006382331925365184,0.0416267132717,0.02140356178405361
2021-02-03,0.0019027846101926735,-0.002265610996659292,-0.012291277211054058,0.0019027846101926735,0.0470529366919517,0.04933271719426521,0.06693637535132284,0.047814297930838,0.009427809957152509,-0.0022262958146160635,0.024941611656527203,0.009427809957152509
2021-02-04,0.009138734300265725,0.002323572836054883,-0.006193472350212174,0.009138734300265725,-0.017631563926056235,-0.020163526425241742,-0.022041699717527344,-0.019742861440704026,0.004677017929212065,0.002347393365730501,-0.010788675061791179,0.004677017929212065
2021-02-05,0.006317001689045663,0.014660753537816672,0.0032652044558805927,0.006317001689045663,0.08420520824667656,0.04995304399439376,0.06589507125134406,0.08129947597618001,0.019298369448650807,0.014656175923689636,0.027808865486496772,0.019298369448650807
2021-02-06,,,,,0.02224549467936311,0.018045956605089435,0.024758826338488502,0.01806103587304364,,,,
2021-02-07,,,,,-0.0031776159818694086,-0.006187622586301448,-0.01255857901912963,-0.0043994855757182845,,,,
2021-02-08,0.013036997474039065,0.0030882725554124135,0.02496756759487436,0.013036997474039065,0.08091486208561834,0.16618218209535085,0.1359087085534304,0.09062345452480702,0.024349974909302272,0.0030858277286868797,0.10082916631710892,0.024349974909302272
2021-02-09,-0.0027438667563593655,-0.0009031825311349499,-0.01873335162385649,-0.0027438667563593655,0.06552021148361525,0.03690198440226138,0.010510659615880326,0.06672457293944845,0.008633479616969735,-0.0009159764575089085,0.0024588624405711672,0.008633479616969735
2021-02-10,0.0014557026145883098,-0.007094968491605343,0.0016857560432734088,0.0014557026145883098,0.04281518400419214,-0.018044116220488522,0.007144385503838485,0.03349637130739406,0.008348949512855613,-0.007108382392102935,-0.00046767152573254193,0.008348949512855613
2021-02-11,-0.001030383556659906,-0.004866074984664661,0.0015976038786581004,-0.001030383556659906,0.07786914577868172,0.1018640568474666,0.045472563641537435,0.0831620700216267,0.012119537999230363,-0.004869314569149453,0.049310464707421536,0.012119537999230363
2021-02-12,0.004467629428637099,0.004269114338405952,0.002118887294531623,0.004467629428637099,0.05428926109808539,-0.009680036909440684,0.007491422124214069,0.04314008291447282,0.012771234706878482,0.004258908886899813,0.019906075203162853,0.012771234706878482
2021-02-13,,,,,0.09582165507240964,0.035779216122898666,-0.011701573437967959,0.09685132454324681,,,,
2021-02-14,,,,,-0.029392275423807516,0.010818821027406934,0.011066703745925383,-0.02490015205245787,,,,
2021-02-15,,,,,-0.0442129748696292,-0.0345006231924165,-0.012556676399116727,-0.04487230382720722,,,,
2021-02-16,0.0005560289992204572,-0.009076654425230557,-0.003822491683194205,0.0005560289992204572,-0.0022474451004349414,0.02318592804967512,0.015924249675120652,0.001001016573403209,8.878331594455735e-05,-0.00907398831579469,0.012881763223141274,8.878331594455735e-05
2021-02-17,0.002470031678470779,0.006797891032852146,-0.013361679649673984,0.002470031678470779,0.04211707838283616,0.050571470935122896,0.0487356624351754,0.044040504594823476,0.009077872795865008,0.0068162841341803055,0.0212419067530984,0.009077872795865008
2021-02-18,-0.005919355778125219,-0.011217768946918678,-0.0007831408017620925,-0.005919355778125219,0.0029177062460999047,0.0003596154361848943,0.013648488090430866,0.003042208609845228,-0.0044465121074210336,-0.011234599500295182,-0.0038387547942733296,-0.0044465121074210336
2021-02-19,0.0011058595895655542,-0.007262524437910645,-0.001196648148509671,0.0011058595895655542,0.04897981498578349,0.08271795368508429,0.0513040262844987,0.05313678479367703,0.009084852155601876,-0.007244158979664334,0.04086401018228582,0.009084852155601876
2021-02-20,,,,,-0.017299540561226037,-0.007520199820459579,0.014567315300194584,-0.017978212412743288,,,,
2021-02-21,,,,,0.024297174916646205,0.026292477025253645,0.01552016972805894,0.024686201845993596,,,,
2021-02-22,0.0021419187071920528,0.0016044896503746387,-0.018215357413031007,0.0021419187071920528,-0.0628095634120048,-0.06680737032559314,-0.05986932563024403,-0.06622641354408305,-0.00868332831267409,0.0016279788105348254,-0.04320894165822106,-0.00868332831267409
2021-02-23,0.000247470338147786,-0.007141785980089525,-0.012076894449250926,0.000247470338147786,-0.1578836306811806,-0.12001439827788515,-0.10942315140777147,-0.15460905074391001,-0.02610771316507361,-0.007127799920122259,-0.07537166687092989,-0.02610771316507361
2021-02-24,0.014576435503532909,-0.0008769328238884048,0.016021459167305813,0.014576435503532909,0.03967004054777338,0.030383678065674664,0.03216322853764408,0.038704280621808786,0.01875870301090632,-0.0008624749877040642,0.022274860461151222,0.01875870301090632
2021-02-25,-0.018364899811465815,-0.009007470943401319,-0.034109533270059576,-0.018364899811465815,-0.05295585849293988,-0.055319014060093014,-0.058798345190575196,-0.05409035977476601,-0.024130059591711488,-0.009019319834558472,-0.05571587853897611,-0.024130059591711488
2021-02-26,-0.012928311779984667,-0.017449487686425482,0.0047125480541289275,-0.012928311779984667,0.0024429722756437815,-0.013813035403013523,-0.0013178877857823981,-0.002610940850858241,-0.010366431104046593,-0.017444801171340046,0.007956623480028069,-0.010366431104046593
2021-02-27,,,,,0.030875544497424058,0.006075909834626927,0.008468317980864996,0.026454495579329475,,,,
2021-02-28,,,,,-0.04371588305482724,-0.02593590211208581,-0.024668007677973107,-0.04150442337074554,,,,
2021-03-01,0.019963326496913788,0.008967959222517129,0.018061469834993234,0.019963326496913788,0.06607202453353705,0.08727528919529155,0.05974990173829956,0.0688585395448443,0.027648109503017656,0.00896489743517633,0.048142197539552636,0.027648109503017656
2021-03-02,-0.002791341663546041,0.0049629898770676435,-0.007065429782219187,-0.002791341663546041,-0.016013865689389763,-0.0245211609771154,-0.03467381012919104,-0.016825933543544433,-0.004995095667853328,0.004966183807526019,-0.017032774672209712,-0.004995095667853328
2021-03-03,-0.007037085444928419,-0.013203883250964301,-0.020899381828134035,-0.007037085444928419,0.03318617359233237,0.04311707414039214,0.02608752954230118,0.03556866263564574,-0.00033320893871828473,-0.013206981214608293,0.01104059852865582,-0.00033320893871828473
2021-03-04,-0.007899217627752664,-0.0027942265562262403,-0.018896109464052464,-0.007899217627752664,-0.01542651063180949,-0.025567323182326268,-0.0549983812755006,-0.016440558561501898,-0.009153766461762136,-0.002792255671776811,-0.029997083285940175,-0.009153766461762136
2021-03-05,0.017580768996769722,0.015345617524983745,0.013740782039575832,0.017580768996769722,-0.008545836651957895,0.0029609092439812704,0.02202338680711152,-0.007145444721010951,0.01322633472198179,0.015344224906782718,0.019778123291378433,0.01322633472198179
2021-03-06,,,,,0.009728254619080622,-0.00013036291396386645,-0.011651633044795072,0.010451851827819677,,,,
2021-03-07,,,,,0.028383768233542828,0.041923102299393306,0.030910702032437856,0.030345920013760193,,,,
2021-03-08,0.0018204582191550921,-0.005201968882913219,-0.027958355429946357,0.0018204582191550921,0.01766705142659148,0.01918149957000136,0.008238250933792948,0.018848424195131504,0.0044615570870611574,-0.005199863113473998,-0.003860932838596846,0.0044615570870611574
2021-03-09,0.007318624501726561,0.007205294629354227,0.018936132945251833,0.007318624501726561,0.042932909720223386,0.04378638825738039,0.0563406926036678,0.04267964369146723,0.013254338704809366,0.007205978433138777,0.03503698771271675,0.013254338704809366
2021-03-10,0.009821255768227701,0.00956794369524891,0.0015945997805965968,0.009821255768227701,-0.028226124243624442,0.00885341068175973,-0.004067538608044954,-0.024299158720567517,0.0034800257662523444,0.009563400077644389,0.003278146934256036,0.0034800257662523444
2021-03-11,0.00529644073907005,-0.0003495314408912083,0.016934673688660813,0.00529644073907005,0.0023940473055714564,0.025067517107283374,0.017418900008935475,0.0052620270002552115,0.004812708500153618,-0.00035135722723315005,0.016224712531320216,0.004812708500153618
2021-03-12,0.007082392417840365,0.0051575443513609525,0.011788402296005787,0.007082392417840365,-0.02008021082531,-0.013870298302737404,-0.03243535195757485,-0.018526360591263644,0.002555291877315302,0.00515836650544611,-0.01274962941214266,0.002555291877315302
2021-03-13,,,,,0.07880501646479617,0.06939690948301243,0.06590989415717166,0.07896536572735406,,,,
2021-03-14,,,,,-0.04799197369537732,-0.033294963487025514,-0.03466409495981876,-0.04668612510315567,,,,
2021-03-15,0.005841980012247008,0.013651270690968054,-0.005994722780969477,0.005841980012247008,-0.03623773511569324,-0.04829702578288883,-0.04545099951094993,-0.03792194375531997,-0.0011713058424096992,0.013654169101371927,-0.035493589056014935,-0.0011713058424096992
2021-03-16,-0.00020791992646234755,0.005118347076128687,0.0028783161690931723,-0.00020791992646234755,0.043132536555067456,0.023678786408270827,0.08263240319135023,0.040085344140148124,0.007015489487125953,0.005123202429718035,0.03231582750938822,0.007015489487125953
2021-03-17,0.0021785532396102394,-0.010293701835573967,-0.0017062972772330287,0.0021785532396102394,0.030660811823728977,0.039097079213116226,0.06235675392471287,0.0310191895364461,0.006925596336963362,-0.010297617028013371,0.022199278201175714,0.006925596336963362
2021-03-18,-0.01347521339947774,-0.007886596466816245,-0.011958302767745973,-0.01347521339947774,-0.02291498038891239,-0.0206225487551829,-0.047206809920674095,-0.022617370535914293,-0.015048507897716848,-0.007887322702465848,-0.020798640773928904,-0.015048507897716848
2021-03-19,-0.004686513277944682,-0.0023507447726236357,-0.002812937772280035,-0.004686513277944682,0.019194399500747632,0.022411288316676284,0.023613817977441682,0.0204867262824718,-0.0007063611481626293,-0.002354587199791367,0.007858652796074842,-0.0007063611481626293
2021-03-20,,,,,0.01827007279656291,0.0049198086923716265,-0.026570675549869995,0.015686172392153017,,,,
2021-03-21,,,,,-0.01614450250996269,-0.006770154997733275,-0.013862053419789723,-0.014611056112302371,,,,
2021-03-22,0.005873122338467358,0.009838272831157797,0.010586952040474067,0.005873122338467358,-0.029994835705112837,-0.05036720255189099,-0.057265070202203706,-0.033319281241917555,-0.00010487066879600628,0.009839871926181295,-0.02302652980728681,-0.00010487066879600628
2021-03-23,-0.008100983457706074,0.0003469031342228377,-0.009434389135984,-0.008100983457706074,0.007114226187603334,0.0030603920879044215,0.006229293382876742,0.006315668629286834,-0.005565115183487839,0.00034984128382603737,-0.0003164810312937471,-0.005565115183487839
2021-03-24,-0.003305425688800321,-0.0065649153614729325,-0.005483053735354424,-0.003305425688800321,-0.0667762833825415,-0.04025480152210446,-0.037894911821153,-0.06330797913782667,-0.013883901971090516,-0.006566879326273143,-0.023016448015973294,-0.013883901971090516
2021-03-25,0.007122806063378129,0.0026301456081968978,0.008330994019377432,0.007122806063378129,-0.0010923526180134256,-0.016397273522023935,-0.004220282711017032,-0.003171843478565883,0.005753612949812869,0.0026267801567977055,0.0034911729330332113,0.005753612949812869
2021-03-26,0.019635042704920398,0.01726879741176673,0.02607064284650103,0.019635042704920398,0.08749287264445915,0.08210292996280172,0.07911518121870796,0.08781361486226946,0.03094468102817685,0.017269317933108694,0.05257608337585154,0.03094468102817685
2021-03-27,,,,,-0.008717834840823146,0.008074563840750655,-0.0012378908240196183,-0.006685515194602419,,,,
2021-03-28,,,,,0.004100426246299149,-0.0001867408241203807,0.004150516333360103,0.0025811996876733963,,,,
2021-03-29,0.0011022909356362366,0.010907795974165723,0.005740927034779051,0.0011022909356362366,0.037739657887588596,0.03068690753810111,0.024104908851233953,0.038233217108307745,0.00720851876096163,0.010909284585638421,0.01482943269611842,0.00720851876096163
2021-03-30,-0.003326924065019588,-0.009065671847982397,0.0055540821790313714,-0.003326924065019588,0.013383750136438466,0.020179553581298196,0.016199772115919907,0.014703996747103768,-0.0005418116981099119,-0.009065858546625059,0.009022623633335449,-0.0005418116981099119
2021-03-31,-0.00091454863134901,0.001582327083882967,0.00321409816205343,-0.00091454863134901,0.06639746310842415,0.06132210463194363,-0.005885456125306597,0.0703377544208041,0.010304119991946515,0.0015814408724198706,0.0014601838507698115,0.010304119991946515
2021-04-01,0.011919235422437929,0.00791155770950032,0.008386872802596274,0.011919235422437929,0.028439295434994006,-0.004670911807035858,-0.006304771657219773,0.02489874033840612,0.014672578757863942,0.006882507595890999,0.002004582975027482,0.014672578757863942
2021-04-02,,,,,0.05350906897952605,0.017051811178787308,0.014337170403251933,0.051346688285573615,,,,
2021-04-03,,,,,-0.05050095907334438,-0.016796733963599927,-0.012309844060526999,-0.04708103747754642,,,,
2021-04-04,,,,,0.08008234444670534,0.05341998758771786,0.04907214317803451,0.07828803441216423,,,,
2021-04-05,0.005203894475596236,0.011862960650656573,0.002714820061035117,0.005203894475596236,0.1124723293949645,0.027967701565812367,0.013938512232430129,0.09821490363498742,0.023081966962157616,0.012270116564458575,0.004615745320946198,0.023081966962157616
2021-04-06,0.00031178142225714674,0.0004152969744294163,-0.0002143877547867431,0.00031178142225714674,0.034239733482870995,-0.011312133622354482,-0.014603144378497794,0.028749319489113793,0.005966440099026121,-0.0007689805969345596,-0.0051384514437248195,0.005966440099026121
2021-04-07,-0.0009843279076349229,-0.0007726200089248692,-0.0031142106107805824,-0.0009843279076349229,-0.07683383516515305,-0.04683429669206744,-0.05136622508080946,-0.0720831280744564,-0.013625912450554611,-0.0021770676443392226,-0.019691646899045456,-0.013625912450554611
2021-04-08,-0.00125898675424055,-0.0002775736430680428,0.002435784052328864,-0.00125898675424055,0.06650800161559936,0.0518490528373438,0.04931657153263661,0.06428224111428778,0.010035511307399434,0.0013176536839018336,0.02073493323966883,0.010035511307399434
2021-04-09,0.0025702524318601074,0.003641456443169108,0.00574677828529052,0.0025702524318601074,-0.026439087808186844,-0.010711696300425892,-0.010386943648644165,-0.024663554799133548,-0.002264637608147718,0.002938472073096251,0.0010600503920837998,-0.002264637608147718
2021-04-10,,,,,0.10208440271596672,0.045065982162691615,0.031279578414190906,0.09324171710772433,,,,
2021-04-11,,,,,0.01134172738606192,0.0031398537543431363,0.00862216866283714,0.009627661992994408,,,,
2021-04-12,-0.0004073299999306901,0.0014128868739932377,0.002896188693663486,-0.0004073299999306901,0.0011626642882354276,0.004774485311253766,0.010141776602365782,0.0003747958014591263,-0.00014566428523633715,0.0021277871599151986,0.006828940932958643,-0.00014566428523633715
2021-04-13,0.0017323719424837077,0.001997028867362206,-0.003404331961482818,0.0017323719424837077,0.10969981126458485,0.075340736501407,0.07154076938096343,0.10518870325121149,0.0197269451628339,0.003752177046701324,0.024001555688517317,0.0197269451628339
2021-04-14,0.0033581112989769886,-0.0026306803245204433,0.0006102488436551994,0.0033581112989769886,0.02628859256885361,-0.006219507973442386,-0.0025218210943229002,0.024924211633321387,0.00717985817728976,-0.003120965722127104,-0.002350395775187944,0.00717985817728976
2021-04-15,0.009449393897939496,0.007164886453071465,0.008296457742397467,0.009449393897939496,0.060911491093833904,0.033085470609546,0.02637076179315673,0.06119139252416343,0.01802641009725522,0.009150553466941953,0.016358967291098606,0.01802641009725522
2021-04-16,0.0028414438132387267,0.001825651024800036,-0.0012986147033670827,0.0028414438132387267,0.05065662411454963,-0.016186793434116425,-0.029116082063353824,0.04787853729189501,0.010810640530123875,0.001591549897125063,-0.012709116384451331,0.010810640530123875
2021-04-17,,,,,-0.03176555482050418,-0.01564392431237709,-0.017893564537931617,-0.030739830770258738,,,,
2021-04-18,,,,,-0.07403361917153414,-0.07543209248896125,-0.0765810378251234,-0.07330355671391978,,,,
2021-04-19,-0.0035293475918233945,-0.0010175700462398036,-0.0016767776102415304,-0.0035293475918233945,-0.06293211235912945,-0.024948929368628275,-0.028181310324643112,-0.05884905973882978,-0.013429808386374404,-0.002078763691127785,-0.00869158706913813,-0.013429808386374404
2021-04-20,-0.008747199313497123,0.005677298700681105,-0.010974474561847476,-0.008747199313497123,0.03341952255413645,0.016835167158979703,0.023052895045931082,0.03163664595051696,-0.0017194123355581915,0.005989423335772431,0.0015699932748460819,-0.0017194123355581915
2021-04-21,0.010748101009074381,0.004896262740714047,0.010409835828547652,0.010748101009074381,-0.04142399100162268,-0.0494788542316599,-0.048589859219146214,-0.04043601925131109,0.002052752340624871,0.003913127438966677,-0.007941021127592303,0.002052752340624871
2021-04-22,-0.009628306971395235,0.0007665570433518807,-0.011539132289886572,-0.009628306971395235,-0.04904992826934679,-0.04702334837455714,-0.048837008907718214,-0.04642653886686278,-0.01619857718772049,-0.000736802482678324,-0.023144124539477222,-0.01619857718772049
2021-04-23,0.008856224632086745,0.002645403034047403,0.010180853417156382,0.008856224632086745,-0.016415494666891482,-0.011712974542608962,-0.0088287105298897,-0.016852362550859173,0.004644271415590371,0.002606051475987088,0.007273274516934807,0.004644271415590371
2021-04-24,,,,,-0.06806209030471672,-0.03093066915940045,-0.03029970168326244,-0.06478579478427372,,,,
2021-04-25,,,,,-0.009028471809759443,-0.019166043662496475,-0.01745871596297899,-0.008689735255448108,,,,
2021-04-26,0.001031024202245785,-0.006802545180555859,0.005906609730733099,0.001031024202245785,0.15086850243841624,0.11760320955362538,0.11456638425840945,0.1449171845546606,0.026003937241607527,-0.004552131529381858,0.03922796056955287,0.026003937241607527
2021-04-27,0.0010263258205212857,-0.004792617434914203,0.007735303553683692,0.0010263258205212857,0.0428384009368606,0.02709182223258562,0.03296786097512355,0.0417359104851405,0.007995005006577837,-0.0038584728324260816,0.023068237929493068,0.007995005006577837
2021-04-28,0.0005173149641775312,-0.00030122980319324284,0.004630216736336292,0.0005173149641775312,0.0015703408166000024,-0.004624612016220591,-0.0011755299551045877,0.00218078614571768,0.0006928192729146098,-0.0005339865564766023,0.004141777059976759,0.0006928192729146098
2021-04-29,0.008854898351562737,0.008506169416205397,0.00849850614372061,0.008854898351562737,-0.010431513593727104,-0.019812995489866394,-0.021025352502120814,-0.011357853904884294,0.005640496360681097,0.008268695472759347,-0.0006155257110055477,0.005640496360681097
2021-04-30,-0.006729647523317546,-0.0011734122805794466,-0.005906760984833989,-0.006729647523317546,0.07615810292228212,0.07910892735758066,0.07083219588727216,0.07475958535858546,0.007084977550949065,5.379190714470926e-05,0.019501520238381677,0.007084977550949065
2021-05-01,,,,,0.03980355255574375,0.017937881651727536,0.021611705770788508,0.03804916650713311,,,,
2021-05-02,,,,,-0.014599904851997027,-0.018954533301541683,-0.018639128577639972,-0.014998024820944932,,,,
2021-05-03,0.007437644948144481,0.007959735460434332,0.0060152784550068245,0.007437644948144481,0.055476102519817626,0.02348455468582409,0.03843828388174761,0.057676162117456464,0.01544405454342334,0.008345938568260988,0.012396337421919241,0.01544405454342334
2021-05-04,-0.0023142375990448214,-0.004517215991081641,0.0023118531290617942,-0.0023142375990448214,-0.0223198060480419,-0.03835159599004047,-0.04531648583901018,-0.02219506259339769,-0.005648499007211002,-0.0057555387339255585,-0.011083252815025941,-0.005648499007211002
2021-05-05,0.005992361499102263,0.0021145791141920374,0.005255808091876402,0.005992361499102263,0.23237817771357977,0.11105172095287566,0.12733031588608926,0.21824056338945869,0.043723330868181844,0.004806494923049649,0.02832651102688248,0.043723330868181844
2021-05-06,0.008050152328450045,0.007106841873410466,0.005167503945054394,0.008050152328450045,0.09504982199971371,0.023959830760494103,0.04407670713009442,0.08622777631872756,0.022550097273660655,0.007281265411665619,0.008726873065418344,0.022550097273660655
2021-05-07,0.009636659392556049,0.001014205908906144,0.00975276851419771,0.009636659392556049,-0.03738328711875315,0.004194638781682594,-9.114631510521195e-05,-0.03279308360765308,0.001800001640671186,0.0006651781478028893,0.008469016783995118,0.001800001640671186
2021-05-08,,,,,0.01505247076056373,0.022049130143001867,0.019929575737783877,0.01894911822869366,,,,
2021-05-09,,,,,0.01695799459749009,-0.010760503653576855,0.011463166231544265,0.0160625842335802,,,,
2021-05-10,-0.0043271232369361135,0.004962813141179641,-0.004295130334981612,-0.0043271232369361135,-0.06333573003276818,-0.051439417925501496,-0.05464518457671491,-0.06209871241254729,-0.014161891036241459,0.0036565291029932263,-0.01448686388274585,-0.014161891036241459
2021-05-11,-0.009261384465219461,-0.008734758869413502,-0.010149914198314205,-0.009261384465219461,0.12326469466551512,0.025528221613920335,0.042607790908035174,0.11243756629415785,0.012826295389902967,-0.007714338260536365,-0.0005971809247319955,0.012826295389902967
2021-05-12,-0.01593679259010353,-0.013862441525101911,-0.015282288078407766,-0.01593679259010353,-0.1790871368375788,-0.14299906457534856,-0.13536150580807232,-0.17328593569736575,-0.043128516631349416,-0.01574272039930872,-0.03946086296225091,-0.043128516631349416
2021-05-13,0.008494958615479204,0.012086613228781861,0.012325175608555285,0.008494958615479204,0.06210183470583304,0.023331118764102064,0.06860364650605441,0.0559631604966238,0.017429437963871506,0.012240471414822296,0.026008778233701877,0.017429437963871506
2021-05-14,0.013989839118725322,0.003063605002227899,0.010768701411874764,0.013989839118725322,0.05375639703224409,0.020049993641739046,0.03423203659288776,0.051985479729615355,0.020617598770978452,0.003133781059768113,0.008922762960989391,0.020617598770978452
2021-05-15,,,,,-0.03983153713712915,-0.057743563237726156,-0.027118094445452448,-0.04555181578703394,,,,
2021-05-16,,,,,0.0028746940214076752,-0.005223679779597213,0.006599442037968714,0.0013208657650512685,,,,
2021-05-17,0.0031098894478385737,-0.0013594458231381845,0.0056389630364067815,0.0031098894478385737,-0.06620591298990389,-0.062412058978864676,-0.07122005540754921,-0.06750102621378175,-0.00844274429178517,-0.002494972148860868,-0.012419682644604392,-0.00844274429178517
2021-05-18,-0.008646340971441622,-0.004190018658681484,-0.008491675963582999,-0.008646340971441622,0.01708008379277666,-0.01122107176720095,-0.002620288612572904,0.014615202108224461,-0.004358603510738577,-0.004053681984233265,-0.007779667292605683,-0.004358603510738577
2021-05-19,-0.005355264782657149,0.0005220894805386709,0.0036935707589190628,-0.005355264782657149,-0.303373487313533,-0.16814683653559048,-0.21229942136379937,-0.2904510145442637,-0.05502496853780313,-0.003619034130096107,-0.04220527949085709,-0.05502496853780313
2021-05-20,0.008595708763838073,0.010173230327101435,0.008583049886244844,0.008595708763838073,0.14700206982203626,0.11768770189465085,0.14167532052788898,0.14525293856656446,0.031663435606871106,0.011848405668851017,0.03322346943114681,0.031663435606871106
2021-05-21,0.0023746797752530234,-0.001515177811389731,0.0017557996453041675,0.0023746797752530234,-0.1408603473018848,-0.0940121110763791,-0.1118617900970587,-0.13591638433260664,-0.021497824737603276,-0.0031735913030628282,-0.02158592034172068,-0.021497824737603276
2021-05-22,,,,,-0.06160251327788788,-0.0055362486272361455,-0.027834658321944834,-0.05540378408332004,,,,
2021-05-23,,,,,-0.1129073822434224,-0.0833953792737136,-0.09023953293702827,-0.1108365533331985,,,,
2021-05-24,0.006160084121522577,-0.0014753147236340205,0.008789847813431898,0.006160084121522577,0.2529235672798113,0.14494776359995748,0.17150519385122964,0.24397904171783627,0.047287331314570705,0.0012273316718105789,0.03588977263158538,0.047287331314570705
2021-05-25,-0.00548226486313403,-0.005472686067717706,-0.005455561419216091,-0.00548226486313403,0.0028286933522609597,-0.0007913269109342978,0.00290355948947353,0.0037512855826154073,-0.004097105160568201,-0.005374023750860046,-0.005131971489645217,-0.004097105160568201
2021-05-26,0.003712752675729429,0.0008030355116490913,0.004755232676130488,0.003712752675729429,0.07066872279801244,0.030640203610419234,0.060807074963471396,0.06827389059640243,0.014872081029443264,0.0016380654273617967,0.015700921103482587,0.014872081029443264
2021-05-27,0.002493264197657326,-0.004353283225271619,8.883059830607225e-05,0.002493264197657326,-0.03622452964270197,-0.029135192226735163,-0.044069095830782994,-0.035538074360270455,-0.003959701442402558,-0.004896506050815844,-0.009092180128840168,-0.003959701442402558
2021-05-28,0.002936812078919124,0.0014978633680151055,0.00777686270398307,0.002936812078919124,-0.08364161267040388,-0.07350653392388112,-0.07982413706968698,-0.08434564881849366,-0.011492925379301376,0.00020269257792886587,-0.011070794832369304,-0.011492925379301376
2021-05-29,,,,,-0.05675666284012572,-0.034854518680553295,-0.04712958916707992,-0.054370465309814084,,,,
2021-05-30,,,,,0.04599013554369838,0.03478152013123355,0.05717432402472947,0.04506542546765312,,,,
2021-05-31,,,,,0.09017948488864361,0.05057226048472115,0.07611848549419756,0.08706157190573062,,,,
2021-06-01,0.006155867931106327,-0.004301627635377357,0.00982557021216349,0.006155867931106327,-0.019186745025294896,-0.017083528573247166,-0.017274063308039968,-0.019021908898165907,0.001932099105039456,-0.004352271240520949,0.0026527683195534946,0.001932099105039456
2021-06-02,0.003927973385446996,0.0012040519143517027,-0.005468332958507785,0.003927973385446996,0.01568630356701275,0.02380468236727462,0.014192711139799023,0.01710852914137249,0.005887695082374622,0.0013018595545923888,-0.0010972877111329199,0.005887695082374622
2021-06-03,0.001535642621894657,0.00403364006095688,0.004680359256048075,0.001535642621894657,0.03417599714809401,0.043545247488935665,0.04345417570676689,0.03641285404764739,0.006975701709594548,0.004245784666317861,0.006701161067721778,0.006975701709594548
2021-06-04,0.00663026846810969,0.00612437033224058,0.006620674347607427,0.00663026846810969,-0.07013513415978842,-0.05940099051734553,-0.0674549125791971,-0.06848453201312017,-0.006163965303206659,0.005889505111921795,-0.0021854753679230745,-0.006163965303206659
2021-06-05,,,,,-0.03151695830923769,-0.03616998895279602,-0.02845723969242136,-0.03137559060761732,,,,
2021-06-06,,,,,0.017874280878071483,0.008843961515482645,0.016085610281896808,0.01759319441124262,,,,
2021-06-07,-0.0019190242636381518,-0.004157922196321389,-0.000522945380762021,-0.0019190242636381518,-0.08261493454301594,-0.0644512140002842,-0.07067134238935761,-0.0790678658021138,-0.015368342643534448,-0.004491655076944655,-0.007417072930838267,-0.015368342643534448
2021-06-08,-0.0026256523440645065,-0.005498232681143018,0.00018140420826961008,-0.0026256523440645065,-0.0010986656821033386,-0.0021912143640946385,-0.0012140188446211372,-0.001626761086919359,-0.002371154567070978,-0.005414704777596446,-0.0015094947116593986,-0.002371154567070978
2021-06-09,-0.002621494186845723,0.004985668093854434,-0.015356059802837847,-0.002621494186845723,0.05692371448042062,0.11297267212963392,0.047473230912902696,0.06098806946236307,0.0073027072576986665,0.005148362105310245,-0.007116250304771866,0.0073027072576986665
2021-06-10,0.003598385643246949,0.008376096640572083,-0.003158901278591469,0.003598385643246949,-0.0467902209683756,-0.018560029808639928,-0.05535556167161646,-0.04390490669451485,-0.004799715458690141,0.00823420367377145,-0.008342538872141661,-0.004799715458690141
2021-06-11,-0.00019304660451298513,0.002009201129181356,0.0007459022620276603,-0.00019304660451298513,-0.034612165788076216,0.014820621940072397,-0.043316885698634636,-0.030924195416243323,-0.005929566468440189,0.001774771063119702,-0.003343527000854385,-0.005929566468440189
2021-06-12,,,,,-0.006108771207590479,-0.04544998626245244,0.006641445395919529,-0.008920476468984629,,,,
2021-06-13,,,,,0.06060711073488845,0.09825546227136966,0.0606150566778044,0.0637839507949689,,,,
2021-06-14,-0.0015218262616063984,0.0003424083547498151,-0.008156894260048217,-0.0015218262616063984,0.012104542324334043,0.028028226565020166,0.010101408528966118,0.013566888993403907,0.0007492351693836755,0.00037342887580043546,-0.0050564723205562745,0.0007492351693836755
2021-06-15,-0.0014924320060200657,-0.004474681795033005,-0.005531010576188178,-0.0014924320060200657,0.012503131044355522,0.004936264168247696,0.013731847679147292,0.012526066542644416,0.0008401618357091983,-0.0044425119283241785,-0.0032872754049445064,0.0008401618357091983
2021-06-16,-0.007942953726279381,-0.010994431695333953,-0.010139552777129905,-0.007942953726279381,-0.0697520672369448,-0.05164290405729854,-0.0737174192108863,-0.06847026772028288,-0.01824447264472362,-0.0112255846549311,-0.015103312072430132,-0.01824447264472362
2021-06-17,-0.008628992318018565,-0.00040685506397967797,-0.013741765934483497,-0.008628992318018565,0.009720760770419102,-0.00738729529468565,0.0008492914070501906,0.008604059008119908,-0.005570700136612286,-0.00014028278440825193,-0.012872426792377002,-0.005570700136612286
2021-06-18,-0.015075440337741249,-0.01072816939730638,-0.007193708615677827,-0.015075440337741249,-0.05772062088488967,-0.059121130501275536,-0.050727077256760095,-0.057745373085785104,-0.02218297042893265,-0.010955314168278895,-0.011036429416426517,-0.02218297042893265
2021-06-19,,,,,-0.020498713298390713,-0.005252568529365682,-0.020087019157514024,-0.01894988194928788,,,,
2021-06-20,,,,,0.011456111133318935,0.003011592182438163,0.0199580069937005,0.011187676431219765,,,,
2021-06-21,0.016981836922855053,0.010382615424323864,0.020823322297376327,0.016981836922855053,-0.19019405150636529,-0.11500051678166583,-0.1810007007586357,-0.18191170676217688,-0.017547477815348336,0.009481422048720286,0.0023504156474938795,-0.017547477815348336
2021-06-22,0.0013849084679286628,-0.0008326297974873454,0.00182626504070853,0.0013849084679286628,-0.034837352458124686,0.02437168093142662,-0.027721623009416673,-0.028291427912537102,-0.004652135019746895,-0.0010626380796087893,-0.0016558621275847942,-0.004652135019746895
2021-06-23,-0.0034092189923983843,-0.007403492617939481,-0.00107601739840826,-0.0034092189923983843,0.0855970046606085,0.03917971445529444,0.08441808202354349,0.08021447025249015,0.0114251516164361,-0.007044966096844518,0.006301362851250395,0.0114251516164361
2021-06-24,0.008045844887354254,0.005185606853194995,0.01128804119651373,0.008045844887354254,0.06135694304332537,0.02955060735405814,0.058687045714288504,0.058278521976853584,0.01693102791334944,0.005956869678032408,0.015499749028463338,0.01693102791334944
2021-06-25,0.007796049512859093,0.011324303725309525,-0.0006036117490702927,0.007796049512859093,-0.08057487382765759,-0.08684072943719201,-0.07881861173767013,-0.08075549510808756,-0.006932437710560354,0.010720796528090768,-0.007258308670821374,-0.006932437710560354
2021-06-26,,,,,0.011936020786419109,0.016742570715053515,0.005597595995818971,0.012075072739807756,,,,
2021-06-27,,,,,0.05340874980562807,0.07613402876866161,0.06552797184606264,0.05636293113951153,,,,
2021-06-28,-0.0016871117212886432,0.002260859769990964,0.0009595546816084776,-0.0016871117212886432,0.018891398769319223,-0.0061125094817231565,0.010280841194301265,0.017311297958262105,0.0017426400271460013,0.002335061368545027,0.0011139456161512122,0.0017426400271460013
2021-06-29,-0.00041512416175831335,-0.003042342851811309,0.006478050255716312,-0.00041512416175831335,0.07656251270863891,0.04265303511764232,0.09665864113469026,0.07052529312534112,0.012414481983307891,-0.0029366939149485945,0.01836998127041748,0.012414481983307891
2021-06-30,0.004396661504242163,0.007578645585109416,0.0038884907495563927,0.004396661504242163,0.010229283835137904,-0.02187394031122107,0.01906569210120086,0.008539179521992294,0.005368765226058119,0.007568717906060207,0.004504528816255765,0.005368765226058119
2021-07-01,0.006588444236266208,0.003616984483170884,0.0018368784741696832,0.006588444236266208,-0.052857881690813346,-0.04200740252984407,-0.052476074689636776,-0.051979008775068995,-0.003319276751580385,0.003406601258411967,-0.0015576009993759701,-0.003319276751580385
2021-07-02,0.0037870288658624985,0.0050584669774569446,0.004676250311421989,0.0037870288658624985,0.006644821951439307,0.010993940862545681,0.029889122536639882,0.008230183109154464,0.004263327713458632,0.005121385797898329,0.005262443133355198,0.004263327713458632
2021-07-03,,,,,0.022742221109748106,0.022421997157005828,0.02681512597430693,0.02263555545516511,,,,
2021-07-04,,,,,0.02195183945789651,0.01883277738272607,0.02487430757212732,0.022706352589285977,,,,
2021-07-05,,,,,-0.04758275314865554,-0.04355154317116676,-0.04198399833919383,-0.04699768368514474,,,,
2021-07-06,-0.008689862235726455,-0.002125189132174997,-0.001943666398209698,-0.008689862235726455,0.018173860759549767,0.014838859431578044,0.02071359100814486,0.018665839836547356,-0.0042125750698470835,-0.0021312922927499496,-0.0006561833735779354,-0.0042125750698470835
2021-07-07,9.602564581949073e-05,0.0023163534893574154,0.0014368993188470561,9.602564581949073e-05,-0.01356780382657763,-0.010989905304357443,-0.01600060964227895,-0.012836237799561898,-0.002181279266246696,0.002348651506459119,-0.00047092119401142125,-0.002181279266246696
2021-07-08,-0.006922522612545074,-0.004895246759984959,-0.011262351184786844,-0.006922522612545074,-0.04999297514892138,-0.030388797539771518,-0.06010374728976609,-0.049119648803292636,-0.014100931368607789,-0.00523346333015112,-0.012810225785907063,-0.014100931368607789
2021-07-09,0.01211670315324331,0.006818716657845018,0.018949578632283942,0.01211670315324331,0.03256800205560832,0.02733345752053857,0.01292889764698025,0.029933154761533676,0.015525252970304144,0.006837275694334161,0.018645338161705598,0.015525252970304144
2021-07-10,,,,,-0.01606017871014616,-0.008372117866914469,-0.013550961509897036,-0.014817233175893898,,,,
2021-07-11,,,,,0.01105089689578709,0.020927270406762125,0.010232877213812925,0.011705591579566384,,,,
2021-07-12,0.004299687110597881,0.002118204277906624,0.008909914822249912,0.004299687110597881,-0.021458439480235236,-0.031615354680352696,-0.03238449235979132,-0.023464145812806515,6.666012125695827e-06,0.0019276636164987484,0.006481162667873872,6.666012125695827e-06
2021-07-13,-0.004766188522257003,-0.0026106640339740683,-0.012024283924966982,-0.004766188522257003,-0.032729916190515705,-0.01496830871235665,-0.04218310320973662,-0.030965271455489666,-0.009426809800300116,-0.002708885364499308,-0.012629587746878449,-0.009426809800300116
2021-07-14,-0.0013789228043061597,0.004098166247961101,-0.0009731168479868155,-0.0013789228043061597,0.005343652094854679,0.0037664658275966896,0.004386926911736677,0.0058965032058524635,-0.0002584936544460197,0.004194571087045797,-0.00041094870021686795,-0.0002584936544460197
2021-07-15,-0.0012527313665276262,0.0015012977661140287,-0.0043051107300319255,-0.0012527313665276262,-0.033657562374154494,-0.03182912700951254,-0.03937336511253857,-0.03391402471120879,-0.006653536534465437,0.0012026359115094012,-0.005690444703668521,-0.006653536534465437
2021-07-16,-0.0094583508671908,-0.00131342238379916,-0.01439162085629749,-0.0094583508671908,-0.02451103417517737,-0.01239907067265382,-0.03703887200561711,-0.02389896017395388,-0.011967131418521895,-0.0015184048189023354,-0.014263603785576657,-0.011967131418521895
2021-07-17,,,,,-0.0020961608637220745,0.0034569012259259894,0.0023619861558598913,-0.0011300231320728344,,,,
2021-07-18,,,,,0.0029498340208449774,0.008288656500247934,0.008541302392755513,0.003287905619104251,,,,
2021-07-19,-0.017265279227803593,-0.013615284198786196,-0.01328990325648764,-0.017265279227803593,-0.048431026233618495,-0.03170355600444095,-0.0394700219601997,-0.046675636341615,-0.022459570395439412,-0.013949689463551102,-0.015178552655008101,-0.022459570395439412
2021-07-20,0.011365506267585474,0.0053896791656882935,0.015939068033479734,0.011365506267585474,-0.039675775806226554,-0.03347936651509676,-0.04846360346686604,-0.0390245199586039,0.0028586259219501335,0.004981648163389973,0.013928433232953742,0.0028586259219501335
2021-07-21,0.010312805453817258,-0.0017451074479045083,0.009363684468189904,0.010312805453817258,0.08404642491288189,0.07873999329377715,0.10239637409034329,0.08488791067749035,0.022601742030328026,-0.0012481387927205947,0.012882332732678173,0.022601742030328026
2021-07-22,-0.001290319131949631,-8.290227274652784e-05,0.002218862258533195,-0.001290319131949631,0.035105539490129026,0.00676326118779296,0.015039927697383229,0.031216382035290882,0.004775657305063478,8.235763550926378e-05,0.002289274994277592,0.004775657305063478
2021-07-23,0.005172454986152822,0.010205703580254832,0.007291278301916151,0.005172454986152822,0.030230782391342626,0.03858326807861904,0.03313813119145889,0.031207196601000752,0.009348842887017789,0.010181636831501223,0.008504911839290363,0.009348842887017789
2021-07-24,,,,,0.02087857317535161,0.021330290297335953,0.0398362068317086,0.021327879999066157,,,,
2021-07-25,,,,,-0.0013191821921649028,0.02923609070867097,-0.007669461186305251,0.0019210923653125793,,,,
2021-07-26,0.005689444061937252,0.0010535797608090692,0.0028895129736593115,0.005689444061937252,0.024043643109556537,0.05463202314399394,0.01715669975167896,0.02674959062180739,0.008748477236540467,0.0011285237101702717,0.0037245513243996304,0.008748477236540467
2021-07-27,-0.0020674143337947658,0.001168621195031593,-0.0055776377874011355,-0.0020674143337947658,0.026644279596079668,0.053692370721192685,0.0191368973759033,0.029105027077504356,0.0027178679878509734,0.001276960865282977,-0.004296223677135461,0.0027178679878509734
2021-07-28,0.0024506105914112643,-0.0009809782939648403,0.0033167949330877274,0.0024506105914112643,0.025869776100008457,0.014361633125289285,0.00045266044298882186,0.02319082908618755,0.00635380484284413,-0.0010735045290932827,0.002960335960338264,0.00635380484284413
2021-07-29,0.0063301812971962015,-0.0006227918048629929,0.00849176372753426,0.0063301812971962015,0.018439540828283675,0.0007645963965335446,0.007309186906775258,0.01711020987313844,0.008348407885710783,-0.0005246923314853507,0.007436161362893918,0.008348407885710783
2021-07-30,-0.005476928437086,-0.002689636680070425,-0.0016997168200238318,-0.005476928437086,0.02907854641851262,0.05413415941146142,0.02730848227030972,0.031459646664738584,0.0002823173721804373,-0.002525069795601751,8.954569890872512e-06,0.0002823173721804373
2021-07-31,,,,,0.00498091412772671,-0.013028376551480205,0.01240266190814611,0.004127060680414352,,,,
2021-08-01,,,,,-0.022758807451950847,-0.038456301253730556,-0.005718648298774989,-0.02245148698636931,,,,
2021-08-02,-0.0025946151195928866,-0.0015152022230029288,-0.0030783470356241576,-0.0025946151195928866,0.010486102598031722,-0.018882366215898762,0.004505675016258197,0.008042875374120594,-0.00041449549998878624,-0.0013485824776283517,-0.0031717270377963572,-0.00041449549998878624
2021-08-03,0.006555937558699149,0.0005722985993438635,0.008127653151580335,0.006555937558699149,-0.015388954950252167,-0.02445353071622202,0.00784296859376512,-0.016210341691030253,0.0028984554738739295,0.0003472075053428031,0.005672211428885648,0.0028984554738739295
2021-08-04,-0.007995184894552278,-0.008163300206149703,-0.00442806678518471,-0.007995184894552278,0.03586243098793669,0.040674676098901574,0.030360280569499715,0.037952655887093414,-0.0006855822474707844,-0.007842871809624211,-0.002044072650007345,-0.0006855822474707844
2021-08-05,0.004858409186381643,0.004423683301626377,0.005268793319622491,0.004858409186381643,0.0162912139985419,0.027516099731150403,0.014114920716056988,0.018032370124074375,0.00676387665507502,0.004637535647070896,0.006938405157299674,0.00676387665507502
2021-08-06,0.0033861593133184616,-0.0011623242239946596,0.001997763247620964,0.0033861593133184616,0.022413974415808856,0.04641873214753081,0.01265435876314234,0.024387383016715315,0.0065574618304001945,-0.0009274951061032804,0.0026970895646275792,0.0065574618304001945
2021-08-07,,,,,0.07056124046525344,0.04090806523462299,0.080489220422644,0.06779691327291625,,,,
2021-08-08,,,,,-0.044867926635484945,-0.01741207306075151,-0.03870499692380278,-0.042025733619492155,,,,
2021-08-09,-0.0025151353318879437,0.001089425960763507,0.009298815236182204,-0.0025151353318879437,0.053636190115404374,0.057820403286505936,0.03733143953113727,0.05412901912102916,0.006843418909327442,0.0012799568806302847,0.01097957673274782,0.006843418909327442
2021-08-10,0.006225201968229889,0.004466050282684056,0.015814622767066515,0.006225201968229889,0.01922318186200601,-0.01184195567297738,0.0743615980302426,0.017019136135228038,0.00839153195052591,0.0044153348542578,0.013349873306613962,0.00839153195052591
2021-08-11,0.008553749273534144,0.00413826520319553,0.006538733064885225,0.008553749273534144,0.06307775869864235,0.0026985020972453283,0.05400742528979776,0.05651236528879532,0.01764108417771884,0.004802560819722825,0.007310591361096061,0.01764108417771884
2021-08-12,0.0018025545333928796,0.0027461538538095195,0.007444763208078166,0.0018025545333928796,-0.021826703867775823,-0.024220180605106324,-0.0013734843535443304,-0.021705673388018418,-0.002135655200135237,0.0028416841851269742,0.00602315317578187,-0.002135655200135237
2021-08-13,0.0011371561711445751,0.003936737810555054,0.0003903856044520727,0.0011371561711445751,0.10036157544278568,0.07894152981818273,0.13247151085781353,0.09898358294604405,0.017674559383084754,0.004321508434919334,0.0035748526758865758,0.017674559383084754
2021-08-14,,,,,0.0461467226724572,-0.013208735328252688,0.024470380097531063,0.03736171496131881,,,,
2021-08-15,,,,,0.01899541951065865,-0.0013696718549927145,0.027235597698743452,0.01612908360445418,,,,
2021-08-16,-0.0013067599761297918,0.006759432704136862,0.0003568683166339365,-0.0013067599761297918,-0.044065728043762666,-0.022803400821178054,-0.050755564459376255,-0.04209079538484715,-0.008433254654068604,0.006492670182798553,-0.0010133871836736955,-0.008433254654068604
2021-08-17,-0.0053479278173609686,0.0028485199534574322,-0.009065899235927637,-0.0053479278173609686,-0.06500531543194384,-0.029966861308473525,-0.07438463683228307,-0.060917194766253485,-0.015290825753124777,0.0025180887021212578,-0.010248890098301574,-0.015290825753124777
2021-08-18,-0.012821725418145536,-0.010881904462126517,-0.004215402016508104,-0.012821725418145536,0.013070150055442396,0.005456012205355966,0.06001792258435773,0.012976902644187093,-0.00850641283921421,-0.010850078366987875,-0.0036538485377184517,-0.00850641283921421
2021-08-19,-0.004620087357378641,0.0015032989956979062,-0.0031380118238123933,-0.004620087357378641,0.06192229008871089,0.04642412710185769,0.10868459724841949,0.061397957864801976,0.0064703088836362815,0.001743374826255699,-0.0010741741923720107,0.0064703088836362815
2021-08-20,0.005321036088544202,0.0038223765648586544,0.009244524347311406,0.005321036088544202,0.038683251853805764,0.0546421084421978,0.024120027118052945,0.03931666864230973,0.010881405382754462,0.003949119782158083,0.010944074489890246,0.010881405382754462
2021-08-21,,,,,-0.02392748511978322,-0.008798904804207733,-0.017577643314360306,-0.0222073521918221,,,,
2021-08-22,,,,,0.018669111161964916,0.012056535577577913,0.06725708133307788,0.019333568939116173,,,,
2021-08-23,0.010275235784609368,-0.0014280374009295787,0.009384069064896573,0.010275235784609368,0.02087886156926002,0.006916103317859676,0.050167032498388366,0.020418526611180723,0.012042506748717808,-0.0013204276253629807,0.00799054776518241,0.012042506748717808
2021-08-24,0.0021334034039965652,-0.005204100733235767,0.0028758658066530053,0.0021334034039965652,-0.06750241932459834,-0.03814883540895712,-0.06672947807666947,-0.06391341513697375,-0.00947256705076925,-0.005557053974279965,-0.0005650763368432282,-0.00947256705076925
2021-08-25,0.00029726073591912494,-0.0036009531028709835,-0.0005119482920892093,0.00029726073591912494,0.02174154514931408,0.025627973710754082,0.009258729355590588,0.02175460921039913,0.0038713081381516177,-0.0034093749074176572,0.0010063297550975592,0.0038713081381516177
2021-08-26,-0.007054964671320488,-0.006207767516506224,-0.0064689939510160326,-0.007054964671320488,-0.06146006562904986,-0.04232723423034066,-0.06512809652259136,-0.05875335812669689,-0.016122481497608716,-0.006440823336683542,-0.008381294457923696,-0.016122481497608716
2021-08-27,0.011274058695481981,0.0017695456917146523,0.011398120666768104,0.011274058695481981,0.07269710012304198,0.04897989296795955,0.12156088283276985,0.07099257631568372,0.021511232266741977,0.0021398634445605174,0.013308780083980638,0.021511232266741977
2021-08-28,,,,,-0.010523062092153713,-0.004180107053112994,-0.019858943259227196,-0.0099188800441856,,,,
2021-08-29,,,,,-4.2230907735907525e-05,-0.0013341387684594592,-0.0023848178563349474,-0.000344668904251809,,,,
2021-08-30,-0.0008556941413459171,0.003790861028695363,0.002719510877621776,-0.0008556941413459171,-0.03427301946401956,-0.03657094682128405,-0.0322261286844651,-0.03335325403755565,-0.006425248361791525,0.003568716002067435,0.0007898567432124324,-0.006425248361791525
2021-08-31,-0.0003515428249847849,0.003736044645057581,-0.002194003513461394,-0.0003515428249847849,0.033926461457846724,0.0027767133950131126,0.027435412103034407,0.03173603047990805,0.005361457888820467,0.0039045036843989582,-0.0004655981105786902,0.005361457888820467
2021-09-01,-0.0020525501983184175,0.0010245604561334898,0.004432421575126657,-0.0020525501983184175,0.05544915718852714,0.03562035603449864,0.052332740640678346,0.055683229500082254,0.007531067699489176,0.0011407538987805773,0.007483557573425719,0.007531067699489176
2021-09-02,0.0069241341926257706,0.006286820344760801,0.0023750488287162964,0.0069241341926257706,0.011792504731032993,0.010517440250717727,0.016609677548394725,0.01205240105180967,0.007735529282360306,0.0065971091520994896,0.004292488603138316,0.007735529282360306
2021-09-03,-0.0034739609787678314,-0.001117441455114109,-0.002955828899614538,-0.0034739609787678314,0.04657082039539469,0.013765614525337125,0.012172929000413418,0.043962311753542496,0.004866835916925921,-0.0011525912599498066,-0.002540857033386357,0.004866835916925921
2021-09-04,,,,,-0.010212329589721382,-0.002941251385101136,-0.0357916190293103,-0.01007978776433037,,,,
2021-09-05,,,,,0.056626714700174774,0.035954236006361766,0.03688037018314308,0.05289746817066915,,,,
2021-09-06,,,,,0.006357202425683395,0.01567579066323476,-0.01886984067183225,0.005434950048447684,,,,
2021-09-07,-0.010009097258011456,-0.013718561933767097,-0.008227068848414022,-0.010009097258011456,-0.16764027258755143,-0.11079342184999326,-0.13676425882391502,-0.16091682576514935,-0.03628095981293478,-0.015255010689425376,-0.016269279436826604,-0.03628095981293478
2021-09-08,-0.0019721439613384524,0.004274710593019036,-0.0016373495139889926,-0.0019721439613384524,0.0004307836574903973,-0.015243136049818203,-0.008244499695024908,0.0011548146417603687,-0.0015716560248669777,0.005095889184138359,-0.0007797648510570578,-0.0015716560248669777
2021-09-09,-0.006242056306770115,-0.011064854605454748,-0.007497448565846569,-0.006242056306770115,0.002673009912500279,0.006833132629385004,0.011471809732156875,0.0023589002856080495,-0.004756211936891713,-0.01113677095682553,-0.006809093992891123,-0.004756211936891713
2021-09-10,-0.003712271977980051,-0.007401165628448347,-0.002361750911010839,-0.003712271977980051,-0.042101786452271174,-0.033093599676188,-0.05091737092099256,-0.04175290014727748,-0.010110524390361903,-0.007780318204903773,-0.005190243691365489,-0.010110524390361903
2021-09-11,,,,,0.029784970815188095,0.009996113758875661,0.07511609948504588,0.029153825862248184,,,,
2021-09-12,,,,,0.03900898067552668,0.017893339925258954,-0.005671744749344916,0.03818465293440407,,,,
2021-09-13,0.005540850199334926,-0.00032471446288995145,-0.004085989808275833,0.005540850199334926,-0.043186748837215544,-0.025278917383957586,-0.06042569730173737,-0.04202141620279315,-0.00258041630675682,-0.000690107232929812,-0.00562094003718498,-0.00258041630675682
2021-09-14,-0.009594622715975656,-0.005687512161453811,-0.01130055177321432,-0.009594622715975656,0.03937859648466578,0.045868178673581186,0.007779558291472036,0.04048955653577395,-0.0014324195158687495,-0.004829659114320426,-0.009115236560102455,-0.0014324195158687495
2021-09-15,0.008697701909292485,0.002939668202701414,0.007075605952394577,0.008697701909292485,0.033761799679333064,0.023655598642375725,0.04305389626837954,0.033460222602559014,0.012875051537632583,0.00345149805784245,0.008639933799402762,0.012875051537632583
2021-09-16,-0.004843745212585662,-0.004671212746687255,-0.006330480778250857,-0.004843745212585662,-0.02260339800954957,-0.008883586555725414,-0.02748360372302212,-0.0215317631947651,-0.00780368734541298,-0.004934116215749464,-0.007691898023371686,-0.00780368734541298
2021-09-17,-0.011501394104243307,-0.00789297589607124,-0.018967971345642015,-0.011501394104243307,-0.02821032375523107,-0.011398364869545485,-0.030452428811395253,-0.029098220226277914,-0.014286215712741262,-0.008395126437620734,-0.018885927378514016,-0.014286215712741262
2021-09-18,,,,,0.014642044853208722,0.02104350869985491,0.010259214300897787,0.014507417961687556,,,,
2021-09-19,,,,,-0.035910362635661094,-0.021568658483178564,-0.03571740329020997,-0.03368151403421027,,,,
2021-09-20,-0.017107007363820304,-0.00910262590389117,-0.018860837704356936,-0.017107007363820304,-0.11422485591169482,-0.09351542737630236,-0.10182035717677901,-0.11188731416266862,-0.03329331545513273,-0.009703237543666764,-0.021096435336133378,-0.03329331545513273
2021-09-21,-0.002108905432231736,-0.00421767641998879,-0.0035468724337492505,-0.002108905432231736,-0.05343634371662165,-0.04979631576675148,-0.046158727032678336,-0.052773493440201984,-0.010663478479630055,-0.004507065744866482,-0.006220180548129929,-0.010663478479630055
2021-09-22,0.008905878341474214,0.00044778321447608635,0.007501008460672295,0.008905878341474214,0.10935609613773782,0.07289455078939756,0.13365151668115938,0.1067758512694506,0.025647581307518146,0.0012953771007939896,0.013090445121523188,0.025647581307518146
2021-09-23,0.011459114793696431,0.0032658966718561717,0.0071990228799003525,0.011459114793696431,0.01626576948492713,0.030254308425084104,0.021578791744572456,0.017780530621139233,0.012260223908901547,0.0032348060650812986,0.007143254890211036,0.012260223908901547
2021-09-24,-0.0023443356466225375,-0.0025757534868891124,-0.005851838783416687,-0.0023443356466225375,-0.06248339107083246,-0.045043259639657496,-0.037468195541601725,-0.06077831259679719,-0.012367511550657528,-0.003201260459642155,-0.008284906475683503,-0.012367511550657528
2021-09-25,,,,,-0.004266625386774614,-0.0025201932818497697,0.004415021425205395,-0.004088863116049628,,,,
2021-09-26,,,,,-0.006350457317357295,0.00995027505676103,-0.0250418583930887,-0.003962138168937945,,,,
2021-09-27,0.00328948149457919,-0.0033774263086860275,-0.002982948979453029,0.00328948149457919,-0.031077363869180547,-0.02282646616307232,-0.03448182523913572,-0.030642987467049423,-0.0024383260660474316,-0.003319470471079148,-0.005224418399435824,-0.0024383260660474316
2021-09-28,-0.011152180037691915,-0.005388785860210707,-0.00783100024470381,-0.011152180037691915,-0.032985894716289745,-0.028948571015447868,-0.0363041147891858,-0.033212856858848505,-0.014791132484124888,-0.0054869269423316325,-0.0076177409863414395,-0.014791132484124888
2021-09-29,0.003919694130095626,0.008630488702603549,-0.0008006355892676547,0.003919694130095626,0.025201653417809958,0.012914827154201225,0.013127815769125363,0.02407482456209723,0.00746668734471468,0.008979573554168285,0.0014453394337379502,0.00746668734471468
2021-09-30,-0.010112777369907561,-0.009453698714534109,-0.013919011737499536,-0.010112777369907561,0.03985386657347911,0.05266487633703088,0.02741207361015562,0.04127017906435179,-0.0017850033793431175,-0.009149922824671794,-0.011958862011456167,-0.0017850033793431175
2021-10-01,0.012342170182835961,0.014324370950663053,0.0083215809559956,0.012342170182835961,0.08583803887920276,0.09820589585211607,0.08200628107799926,0.08648575064433829,0.024591481632230426,0.014327529810815306,0.014613694406546068,0.024591481632230426
2021-10-02,,,,,0.01314684618977272,-0.008322968356052044,0.006593204467182108,0.011828776257596159,,,,
2021-10-03,,,,,0.016058019141841507,0.010056272490695458,0.003774913029260997,0.014162258301251876,,,,
2021-10-04,-0.0027451043939078824,0.002295188368924013,-0.008929261392285372,-0.0027451043939078824,-0.0148396687445018,0.0180490666804956,-0.024843775609752594,-0.012649135237744476,-0.004760865119006869,0.0023101338534327323,-0.00756159032428367,-0.004760865119006869
2021-10-05,0.005693677902995397,0.0010948034085394775,0.007631584917457776,0.005693677902995397,0.03911206691222192,0.04836050099251008,0.02696252109662969,0.03941811581835723,0.011263409404533145,0.0010961988943442766,0.006798052956717452,0.011263409404533145
2021-10-06,0.0010971533003962212,0.002566315253155516,0.007436743639437347,0.0010971533003962212,0.02631207745706715,0.07308185010217491,-0.0035039747328488744,0.029644750048470454,0.005299640659841376,0.0025373433697966543,0.008544117700097786,0.005299640659841376
2021-10-07,0.008043666617446345,0.00867029241911882,0.005974952433390075,0.008043666617446345,-0.00638939697911447,-0.02701160146063324,0.013312269868050241,-0.006926615186288686,0.005638156018019544,0.008682390111618954,0.004524476681888702,0.005638156018019544
2021-10-08,-0.0008405341466329583,-0.0051688530191510585,-0.0013649518041950577,-0.0008405341466329583,-0.00968783863579299,0.0026209289066247564,-0.014542579005041559,-0.008749995639339845,-0.002315084894826297,-0.005139668704701578,-0.0013099860235526355,-0.002315084894826297
2021-10-09,,,,,0.039018902838405284,0.018434870912378578,0.027626149942384045,0.03544682005181601,,,,
2021-10-10,,,,,-0.039372271971353526,-0.0040884737531208856,-0.03417189296770854,-0.03628257002342998,,,,
2021-10-11,-0.008973806475380097,-0.008686446757545022,-0.003400876659594791,-0.008973806475380097,0.01616616745924252,0.0483957246823377,-0.0008198374395774132,0.018992341179194405,-0.004783810819609663,-0.008679548110743228,-0.002926824628122251,-0.004783810819609663
2021-10-12,-0.0007657505468342874,-0.0008334975445168504,0.012382741761207967,-0.0007657505468342874,-0.02450992776943369,-0.025111646113282607,-0.024970804737900035,-0.024543864387610834,-0.004723113417267521,-0.0008463942032186139,0.011036710601171704,-0.004723113417267521
2021-10-13,0.0032749128553063644,0.0006435624969725958,0.010183560342442225,0.0032749128553063644,0.03190285056564601,0.024433005732714674,0.025514436131920882,0.032208095199415816,0.008046235807029638,0.0006381512650530101,0.011382581920429806,0.008046235807029638
2021-10-14,0.012783921551769493,0.00884528783094511,0.021486401348780968,0.012783921551769493,0.008162714258494455,-0.0015214431177180525,0.0012984653500682328,0.00840096897864333,0.012013720336223653,0.008827915516696629,0.019846823506861858,0.012013720336223653
2021-10-15,0.0047869773089702266,-0.0006395940440784335,-0.0026082442679690424,0.0047869773089702266,0.021102700113018333,0.07351143884011406,0.01221298817193042,0.025127337178127755,0.007506264442978244,-0.0006498198620920185,-0.0021646764113281937,0.007506264442978244
2021-10-16,,,,,0.002720576167623345,-0.011493372250520611,-0.011725457453682463,0.0018148234160852861,,,,
2021-10-17,,,,,-0.015497446977474582,0.010477076297908724,-0.015010676560298648,-0.012607946698750178,,,,
2021-10-18,0.00027362495568025166,-0.0017257158694297917,0.007069810185636139,0.00027362495568025166,-0.005306693572157262,0.007279075006035451,-0.012149392861932864,-0.005104405069998373,-0.0006564281322926673,-0.001754833078657583,0.006020863891616319,-0.0006564281322926673
2021-10-19,0.009805851901735373,0.013779319713012866,0.0005072890302726552,0.009805851901735373,0.012977207830322194,0.035230829444742845,-0.0009766881253653664,0.014864187790433756,0.010334411223166513,0.013786415690266436,0.000520412631311953,0.010334411223166513
2021-10-20,0.00885848761322351,0.01045672867866455,0.0018277763524170998,0.00885848761322351,0.051224364064108824,0.027077973246191187,0.04006970385422877,0.049795424644621895,0.01591946702170439,0.010474146306017687,0.003992670923093518,0.01591946702170439
2021-10-21,0.0007577563531104439,0.005541972043908905,-0.002632981876713699,0.0007577563531104439,-0.034430299987499836,-0.05666278243032765,-0.01838942466120407,-0.03605247416972927,-0.005106919703657935,0.005547146582117123,-0.0039981524764947035,-0.005106919703657935
2021-10-22,0.0012181275672072393,0.002471554820760829,0.011369759087509382,0.0012181275672072393,-0.009454713940141793,-0.023782773124614243,-1.4016940604859283e-05,-0.010538844297164533,-0.0005606793506842658,0.002467963638009724,0.011257267716335288,-0.0005606793506842658
2021-10-23,,,,,0.019371535732781185,0.011448153133429072,0.011908652178216957,0.019426460947379227,,,,
2021-10-24,,,,,-0.014741306991866012,-0.007773837861168056,-0.017818889861897183,-0.014858647024294886,,,,
2021-10-25,0.0061577379699742085,0.004446403754915399,0.012324048779796952,0.0061577379699742085,0.018419186895322202,0.034142299663542486,0.008554358812874868,0.020223315590380767,0.00820131279086554,0.004439964011252554,0.010183395517912579,0.00820131279086554
2021-10-26,0.005035039278010809,6.586712018957405e-06,0.012011443776377794,0.005035039278010809,-0.012946919667983725,-0.041694218619924964,-0.007073254511679701,-0.014740578890015626,0.0020380461203450533,1.0581407531525859e-05,0.008258769227511956,0.0020380461203450533
2021-10-27,-0.016021570019775676,-0.010881254945491865,-0.018687786894210835,-0.016021570019775676,-0.09185131642847817,-0.03257169727634872,-0.10337797680329824,-0.08625851167745328,-0.02865986108789275,-0.010873828900725354,-0.023484724022668164,-0.02865986108789275
2021-10-28,0.008177747360443858,0.018273578707051964,0.020529661356483757,0.008177747360443858,0.056729009743049105,0.03663713769350588,0.051760691203395506,0.05567678564118801,0.016269624424211402,0.01826215466989827,0.02336015767066367,0.016269624424211402
2021-10-29,-0.0029640878507516404,-0.0010454396590779238,0.00425471331696121,-0.0029640878507516404,0.029088612824405093,0.026216348648121026,0.01746842127236763,0.029070780628164546,0.002378028928441148,-0.0010234074499011776,0.004026722217235065,0.002378028928441148
2021-10-30,,,,,-0.010681812392085377,-0.005861213967436633,-0.020927144117724956,-0.011029810440816691,,,,
2021-10-31,,,,,0.014693243654273571,-0.008960604355162346,0.0137000691406911,0.011692945313162405,,,,
2021-11-01,0.007461175731891199,0.005351105080635033,0.004237394520308993,0.007461175731891199,-0.004326641926342823,-0.0051297477399965255,-0.00586601186628727,-0.0038159695826702504,0.005496539455518861,0.005353749547868017,0.004715315358638693,0.005496539455518861
2021-11-02,0.004540063787491218,0.004687810729847961,0.010629089142328584,0.004540063787491218,0.033065335844914154,0.036423534468053236,0.03759572720437294,0.03406375853170214,0.009294275797061704,0.004692499733215471,0.011202665693272142,0.009294275797061704
2021-11-03,0.005006007983429447,4.444664588210552e-05,-0.004364659952073821,0.005006007983429447,0.01674063604824131,-0.0040545635881073985,0.015864756919103933,0.015636012633172148,0.006961779327564757,3.683872320972417e-05,-0.0035016924608121825,0.006961779327564757
2021-11-04,0.004566805541999331,0.0005766300354506937,0.006145096187473961,0.004566805541999331,-0.02555910524069758,-0.024103783966732184,-0.022528125479355517,-0.02534859676480491,-0.0004541795884501549,0.0005819578234310522,0.0023440636871111024,-0.0004541795884501549
2021-11-05,0.004317548129979447,-0.012200800642520045,-0.017756387828316247,0.004317548129979447,-0.010200996638369953,-0.005313959884109653,-0.014119583347910306,-0.009811154779094024,0.00189779066858788,-0.012208828788798776,-0.01647923446554153,0.00189779066858788
2021-11-06,,,,,-0.004239194414665415,0.006573419146120196,-0.0030182132021429196,-0.002652839113805804,,,,
2021-11-07,,,,,0.023886360748030924,0.029247220896912555,0.026406010842273123,0.02355620457637318,,,,
2021-11-08,0.0037433371955652994,0.0016006508775846411,0.010469368151037214,0.0037433371955652994,0.060246401128590546,0.06695154718111462,0.04645983327169037,0.06064057080120737,0.013160514517736172,0.001601517187313653,0.010668997625233047,0.013160514517736172
2021-11-09,-0.0007145187867039059,0.0006061542133424935,-0.0033051198834114803,-0.0007145187867039059,0.058033521566359034,-0.008806096371717129,0.03472039799216492,0.05213736684260299,0.009076821272139917,0.0006029105579382834,-0.00020548573645552627,0.009076821272139917
2021-11-10,-0.007127343452293766,0.000854655106036711,-0.00561823791281076,-0.007127343452293766,-0.052120905365666895,-0.02951386742139939,-0.05104250940545759,-0.04941119579359461,-0.014626270437855951,0.0008262781477034164,-0.007230559372294329,-0.014626270437855951
2021-11-11,0.0010659591267172446,0.0023800640640618846,0.007817127958299521,0.0010659591267172446,0.011579788077556885,-0.0006965054346836925,0.010467731374746523,0.010558272753340295,0.002818263951857184,0.0023711260613541465,0.006818864223504986,0.002818263951857184
2021-11-12,0.002158136556547572,0.0023276495382499826,0.003082926851521962,0.002158136556547572,-0.021045339029769496,-0.01222509636324598,-0.020568788424712124,-0.020480218880412147,-0.0017091093745052728,0.002337850764279479,0.002323725304106059,-0.0017091093745052728
2021-11-13,,,,,0.012155992174102794,0.0048878705639170406,0.007359765341238368,0.010951101207385057,,,,
2021-11-14,,,,,0.011670347080749634,0.015469517787564334,-0.00399946852968666,0.012215086957881548,,,,
2021-11-15,-0.000857079697434908,-0.0024706752525945654,0.0018752086293205288,-0.000857079697434908,-0.014913367152786263,-0.029159323323932337,-0.020009878498836654,-0.01545875040845318,-0.0031997942733268006,-0.0024766857163981593,0.0021405024421849656,-0.0031997942733268006
2021-11-16,-4.3818578374865274e-05,-0.005061952418072225,-0.0031435093108726185,-4.3818578374865274e-05,-0.0853953676242598,-0.05344145330150951,-0.07151754849488501,-0.08293152898520306,-0.014269076752689023,-0.005049136125295121,-0.007061454589530502,-0.014269076752689023
2021-11-17,-0.006410498431443284,-0.002927562185295463,-0.007475310278561504,-0.006410498431443284,0.005029029807759611,0.003436857419438998,0.009250018977113344,0.0050820567942060375,-0.004503910391576134,-0.002917376694699314,-0.005034145998076566,-0.004503910391576134
2021-11-18,-0.0012952494090488886,-0.0020140170577529143,0.009372803323867173,-0.0012952494090488886,-0.06659550799716892,-0.05674983989800574,-0.057396153146407114,-0.0661314397731281,-0.012178625840402222,-0.002016551658188359,0.0063300144355844645,-0.012178625840402222
2021-11-19,-0.008108011963673636,-0.008076331596899463,-0.008504768332949992,-0.008108011963673636,0.050189937841265554,0.02067785780617349,0.05534379501612089,0.049021685618925864,0.0016083130038162283,-0.008073352687597611,-0.007911822088352687,0.0016083130038162283
2021-11-20,,,,,0.01576936969310213,0.02714433308698427,0.011623392961057763,0.017357877089927087,,,,
2021-11-21,,,,,-0.01876418665940255,-0.016193704661323974,-0.01998957460183215,-0.01931766643235623,,,,
2021-11-22,0.0021290502357046793,0.0038097084075924604,0.0031401752732218395,0.0021290502357046793,-0.036598052294896724,-0.041565940596482776,-0.036998499642999644,-0.03737964892772412,-0.004325466852728887,0.0038045239191035187,0.0010582221315835942,-0.004325466852728887
2021-11-23,0.007614035389942484,0.006679584770484712,0.011806361610435242,0.007614035389942484,0.02241482154078316,0.022735855747423088,0.03348601864127917,0.022741706920928847,0.010080833081749266,0.006691131872815007,0.011963958880949163,0.010080833081749266
2021-11-24,0.0015933253638177255,-0.0008919597733099925,0.004745183355250674,0.0015933253638177255,-0.024994581710023545,-0.022384387016602284,-0.02387549470148976,-0.02502189462536792,-0.002837992481822486,-0.0008880299732551774,0.004578512682832328,-0.002837992481822486
2021-11-25,,,,,0.009420096135543754,0.01766606937400316,-0.001192070283328575,0.009204509351039187,,,,
2021-11-26,-0.02190708025971444,-0.014667010709311918,-0.02772370377864335,-0.02190708025971444,-0.06649545894871833,-0.06468677053655503,-0.0510202459004786,-0.06613075677808075,-0.02933847670788176,-0.014680120762027826,-0.030846105191429277,-0.02933847670788176
2021-11-27,,,,,0.01136172499470266,0.02324655494514305,0.010833518814004866,0.012120251971321508,,,,
2021-11-28,,,,,0.021529982658934313,0.044392510044424904,0.025501599509663856,0.02402418318876239,,,,
2021-11-29,0.0071002398395622725,-0.000749086118969935,0.012431732027894871,0.0071002398395622725,0.017998706153176246,0.009748898117819095,0.022850883666517566,0.017881856693181247,0.008916650891831265,-0.0007171172092961407,0.01349051014081108,0.008916650891831265
2021-11-30,-0.022736652197169208,-0.02160991123456907,-0.016396975420095036,-0.022736652197169208,0.0029870595108775207,-0.013858989986877736,0.014333564584330903,0.0025273575972860783,-0.018449366912494745,-0.021627348167282207,-0.016447497096711308,-0.018449366912494745
2021-12-01,-0.013137975243081345,-0.011554857026125786,-0.010182230938023392,-0.013137975243081345,-0.004816033852340695,0.003936508510805845,-0.009773083778647648,-0.004379203276022754,-0.011750985011291234,-0.01155778338532841,-0.010333385894312827,-0.011750985011291234
2021-12-02,0.021514026022957156,0.014120996162178937,0.0257460548976198,0.021514026022957156,0.0029771478098470144,-0.013140205787574131,-0.016825272712609064,0.003979013925550842,0.018424546320772138,0.014113688006659424,0.028013017307640616,0.018424546320772138
2021-12-03,-0.0009151530011433471,0.008925732862378863,-0.007695353252529992,-0.0009151530011433471,-0.054804135310390995,-0.050985864817913444,-0.056867158205481064,-0.05577022845559596,-0.00989665005268462,0.008936694424722733,-0.010610424148328928,-0.00989665005268462
2021-12-04,,,,,-0.09966679308991833,-0.08204639683653357,-0.06484690178568908,-0.0948809805104982,,,,
2021-12-05,,,,,-0.025153555791845417,0.0034175229330120076,0.005024735376550242,-0.02172525274610712,,,,
2021-12-06,0.013552429844853974,0.010287981115939244,0.0066888106387073465,0.013552429844853974,0.040040442806494346,0.02458589579002135,0.02895995317313146,0.03835210118301856,0.017967098671794034,0.010299221925499681,0.00774786969939579,0.017967098671794034
2021-12-07,0.014952137327276696,0.003059241925234805,0.021892671601298177,0.014952137327276696,-0.005612405331474191,0.0023221597831271073,-0.002903436120922005,-0.005588052451179732,0.011524713550818216,0.003040951193353689,0.020553916352495923,0.011524713550818216
2021-12-08,-0.0005769049565259764,0.000901195283899775,-0.0017825459141832972,-0.0005769049565259764,0.03731739189615066,-0.0038518487471744726,0.029682205163670417,0.03224385733055856,0.005738811185586794,0.0009080862842380886,-0.0012473640841404333,0.005738811185586794
2021-12-09,-0.006819833181712462,-0.002909017276517897,-0.007611939067658418,-0.006819833181712462,-0.06974011815598744,-0.05608726213196957,-0.0760001835098144,-0.06866970707099575,-0.017306547344091625,-0.0029112137271369715,-0.009632291013277255,-0.017306547344091625
2021-12-10,0.005428423454781843,0.007669598627982806,0.005320566133381352,0.005428423454781843,-0.03764782144196946,-0.008995119084521337,-0.042270949224312786,-0.03603817440625278,-0.0017509506946767062,0.007659975477088306,0.004243301539231443,-0.0017509506946767062
2021-12-11,,,,,0.062185845911676044,0.044857216044006165,0.043619286046730904,0.06078302677740413,,,,
2021-12-12,,,,,0.0005450006496776847,0.014906619570362876,0.006434176535090889,0.002247222746352131,,,,
2021-12-13,-0.006038152907783944,0.004952403714095737,-0.006082459434599161,-0.006038152907783944,-0.08065923921980626,-0.0670851717099511,-0.09025146865731945,-0.0800823583442209,-0.01847500062645433,0.004948751431570142,-0.008600946526295264,-0.01847500062645433
2021-12-14,-0.0019345036185553586,-0.00023494498692093273,0.0024010773685435504,-0.0019345036185553586,0.011911581619101387,-0.00267125345649466,-0.003200755879328519,0.009366788357187414,0.0003731772543874324,-0.00023310753769526023,0.0022640150652433024,0.0003731772543874324
2021-12-15,0.008657972774681654,0.01309470764440968,0.01903199171867065,0.008657972774681654,0.04872903431115066,0.04900151967252708,0.062004994846983255,0.05018775172683732,0.01533648303075982,0.01309932429325477,0.02181637252603449,0.01533648303075982
2021-12-16,0.004803852555990486,0.010419004842270128,0.0006446163612213985,0.004803852555990486,-0.03275391370957651,-0.025181582897818463,-0.01835587631685512,-0.03221067168958081,-0.001455775154937346,0.010415406017199893,-0.0010718991253583577,-0.001455775154937346
2021-12-17,-0.012437317144134916,-0.012395939343982917,-0.013601049280847167,-0.012437317144134916,-0.024771957522853386,-0.03069900721574181,-0.02215840463135201,-0.025134665272317183,-0.014493090540587996,-0.01240146277759923,-0.0147172057353549,-0.014493090540587996
2021-12-18,,,,,0.020225622720911683,0.013995731563123393,0.020741967156897235,0.01940988950003548,,,,
2021-12-19,,,,,-0.002246589268154565,-0.0030259427628138717,-0.00803598923322088,-0.0021154573221123033,,,,
2021-12-20,-0.008131606148534013,0.001990146522411376,-0.004563766655165264,-0.008131606148534013,0.0027239347357453153,0.0037095437683511982,-0.002515220820860068,0.0025611713810618515,-0.006322349334487457,0.001986431733584467,-0.0032355946674599736,-0.006322349334487457
2021-12-21,0.01462265780225411,0.003709458530325729,0.00879356053865203,0.01462265780225411,0.03319664389737751,0.043863561694012614,0.023092411932289798,0.0333405173477732,0.017718322151441344,0.0037114698388228022,0.009093478815266154,0.017718322151441344
2021-12-22,0.0059381861769704026,0.006373463387306799,0.009270561609648181,0.0059381861769704026,0.005615825220858106,-0.006295931447672264,-0.0011856773511922354,0.004758275156175972,0.005884459350951685,0.0063710578162853825,0.009571057425502618,0.005884459350951685
2021-12-23,0.005000741890955203,0.0017158307513382718,-0.00019097040409537158,0.005000741890955203,0.05288152119073466,0.04433669194360079,0.03947650047709274,0.05325206607912064,0.01298087177425178,0.0017185441352625345,0.002254843356461736,0.01298087177425178
2021-12-24,,,,,-0.025854589725139758,0.0007414904357732027,-0.009331922703590696,-0.0240374859064812,,,,
2021-12-25,,,,,0.012088707351344343,-0.007719775485643062,0.013894736623469295,0.011297396564164454,,,,
2021-12-26,,,,,-0.0019257207082916453,0.007528401917142877,-0.005289127133583406,-0.001198114721458924,,,,
2021-12-27,0.012643323884424486,0.010631482903537945,0.01947560692261082,0.012643323884424486,0.006955401909512826,-0.003328070621613999,-0.00791126858483699,0.006679526483933721,0.011695336888605875,0.010617707417934233,0.019908589673833847,0.011695336888605875
2021-12-28,0.0017823302262577135,0.00446449488244806,-0.0026955175435802547,0.0017823302262577135,-0.06626174340482956,-0.060259425620916234,-0.06327744532934304,-0.06559587208681002,-0.009558348712256833,0.004472612159122617,-0.004201652466616825,-0.009558348712256833
2021-12-29,0.00038045048004864434,0.0010055452784385078,0.0013917384280407077,0.00038045048004864434,-0.02867247058178535,-0.02404227880624954,-0.03704775780652868,-0.028988943251916054,-0.004461703030257021,0.0010082275466719534,0.0001430522332631089,-0.004461703030257021
2021-12-30,-0.001522675024277136,0.0006273982606017593,-0.004048436920539526,-0.001522675024277136,0.016974196767416676,0.01579112126431248,0.019754753746109154,0.017157132436876072,0.0015601369410051654,0.0006283105711437091,-0.0034106605282751053,0.0015601369410051654
2021-12-31,-0.001103778985073085,-0.0011348010442028265,-0.00024234011263374837,-0.001103778985073085,-0.015267470914003978,-0.018476352917798252,-0.010858282719990252,-0.015797534059913573,-0.003464394306561567,-0.0011357029702191573,-0.0009437558780871152,-0.003464394306561567
2022-01-01,,,,,0.029122690504778354,0.029809396471367267,0.023641838167751016,0.02916670033285806,,,,
2022-01-02,,,,,0.015540556191764499,-0.007163274962024395,0.015881361175891225,0.01388239480799856,,,,
2022-01-03,0.007893532580496581,0.002180723095140393,-0.008439060047197454,0.007893532580496581,-0.020728701930202723,-0.018736877469807903,-0.017804782359288628,-0.020512304251803504,0.003123160162046699,0.00213851964716895,-0.009368311148299568,0.003123160162046699
2022-01-04,0.008287326862424099,-0.00049389231483593,0.0007748812856699155,0.008287326862424099,-0.011764087452726647,-0.012065555013512691,0.00868730793151572,-0.011474334835827892,0.00494542447656564,-0.0004997832732723114,0.0008395257292931475,0.00494542447656564
2022-01-05,-0.009811024567845612,-0.0017704854316326723,-0.007771536417550286,-0.009811024567845612,-0.06206812715046752,-0.05073406061509756,-0.06422404850925867,-0.060888456361784235,-0.018520541664949267,-0.0017749251080314608,-0.008971908100570075,-0.018520541664949267
2022-01-06,0.000596376931055134,-0.003958565525543178,0.0024004143530894947,0.000596376931055134,-0.0008726027668847442,-0.009366159015893003,-0.037173063428041477,-0.00188044859175752,0.00035154698139848743,-0.003950077452628135,0.003202768660050967,0.00035154698139848743
2022-01-07,0.0013930725716407816,0.004309137100405326,-0.014604403185329877,0.0013930725716407816,-0.040404478130600344,-0.03714070469186993,-0.06587795854818666,-0.04120406655352374,-0.005573185878732739,0.00429102362624681,-0.015526082671342655,-0.005573185878732739
2022-01-08,,,,,-0.02093541927415324,0.004235994902819662,-0.03170407794247287,-0.01927025809347882,,,,
2022-01-09,,,,,0.00938373839620118,0.00425697047208185,0.021274058960640153,0.00910212483111498,,,,
2022-01-10,-0.006524926800297903,-0.0011541659936576004,0.003624562813056608,-0.006524926800297903,-0.03018341787231781,-0.00215548536400557,-0.02364136800640172,-0.02828500862063707,-0.010468008645634555,-0.001137444923503781,0.003085188166643379,-0.010468008645634555
2022-01-11,0.010108670902059982,0.0038218660490409663,0.007433112027174716,0.010108670902059982,0.03416218451646136,0.021869109453241508,0.05027854349203765,0.0340743565003553,0.014117589837793543,0.0038110289255831884,0.008415339170389774,0.014117589837793543
2022-01-12,0.002808856818174212,0.0012321972730445598,0.00858965780489819,0.002808856818174212,0.05390506305509349,0.028389418684672714,0.04142745718356025,0.05302161921668686,0.011324891190994092,0.0012268152199120751,0.010366467691358773,0.011324891190994092
2022-01-13,-0.005023576980461088,-0.0021253381670789575,-0.01366108689527173,-0.005023576980461088,-0.034351553179315694,-0.03088871448417341,-0.036761634342713304,-0.03462648636267876,-0.009911573013603523,-0.0021410461903611836,-0.01378911698099285,-0.009911573013603523
2022-01-14,0.0018072024404420662,-0.0024438411417454413,-0.0009299379265873514,0.0018072024404420662,0.025946966258798367,0.011930269358978679,0.01899858624470975,0.024575354889517724,0.005830496410168117,-0.0024525144029310625,0.00024851815801200526,0.005830496410168117
2022-01-15,,,,,0.008994754628404667,0.0018027786773091618,0.006202201749167191,0.007917087065051199,,,,
2022-01-16,,,,,0.006503905118192477,-0.0014711291913973574,0.006122481592311344,0.0073125769328532516,,,,
2022-01-17,,,,,0.00046937886742684986,-0.020024366790964986,-0.041366808457560626,0.0007049927001583393,,,,
2022-01-18,-0.010761970773172893,-0.009126281529550908,-0.012326078379495549,-0.010761970773172893,-0.015388287946141763,0.002960482856131374,-0.015029639521672713,-0.016190299614060953,-0.01153302363533437,-0.009122064818631457,-0.012158770540718967,-0.01153302363533437
2022-01-19,-0.006784420342637872,-0.00044662669668909323,-0.011627170226658528,-0.006784420342637872,-0.029012441761665654,-0.014897823244158786,-0.021554575451392294,-0.028088845750674295,-0.010489090579142503,-0.00045193060525654466,-0.012548719781119901,-0.010489090579142503
2022-01-20,-0.011862060931541647,-0.011050872795628417,-0.01716662761123339,-0.011862060931541647,-0.04252286623358551,-0.025486340397292036,-0.030591452089873704,-0.04108550055982151,-0.01697219514854896,-0.011060550136958034,-0.017909908781371164,-0.01697219514854896
2022-01-21,-0.012930960558085396,-0.004513043214868222,-0.01107966276875871,-0.012930960558085396,-0.115712541101666,-0.10381165615712486,-0.14767435465989753,-0.11580548721264139,-0.030061223982015495,-0.004510988253428633,-0.012577977739192945,-0.030061223982015495
2022-01-22,,,,,-0.05885921527965914,-0.03914348468076913,-0.05971640752836039,-0.057417362819859076,,,,
2022-01-23,,,,,0.03875242717376981,0.03558509252717302,0.0539909062690387,0.0391523240778114,,,,
2022-01-24,0.002307455792883595,-0.005052735232855148,-0.0004763955045734092,0.002307455792883595,-0.02866215906522481,0.010406744495611062,-0.03735120652726632,-0.026491549556342378,-0.0028541466834678063,-0.005016511164710146,-0.0015307894775588404,-0.0028541466834678063
2022-01-25,-0.0033894377559069416,-0.0049990822363486405,-0.0004941680477279107,-0.0033894377559069416,0.0004887591135445126,0.008175727030871549,0.006385456601614817,0.0008161620114701604,-0.0027430716109983653,-0.004985449607846368,-0.00028880189572459155,-0.0027430716109983653
2022-01-26,-0.00884844116500199,-0.016023608157425328,-0.009711590193465037,-0.00884844116500199,0.005058996734153465,-0.002757016878562665,0.0049248919678990324,0.004925528521863666,-0.006530534848476084,-0.01600594277619843,-0.008981083202896954,-0.006530534848476084
2022-01-27,-0.003411783232470778,0.00021723389173584402,-0.001775197706942711,-0.003411783232470778,-0.008704446363619856,0.007763821260712282,-0.018244935331225953,-0.00833256815522717,-0.004293893754328956,0.0001964848224078472,-0.0022362856518253456,-0.004293893754328956
2022-01-28,0.0168862597049742,0.016096688802886606,0.03271028781216178,0.0168862597049742,0.025426408633765198,0.017397102127314056,0.051213684604125106,0.02491239551725759,0.0183096178597727,0.016084038314750863,0.032515611942671475,0.0183096178597727
2022-01-29,,,,,0.014763887792000531,0.009364930838458244,0.019627353458854913,0.015014340177651986,,,,
2022-01-30,,,,,-0.01730228000829739,-0.005783656346668663,0.00245730757114891,-0.01653242914476869,,,,
2022-01-31,0.014021638256743596,0.010895455654400914,0.007563331139126771,0.014021638256743596,0.014535726144460116,0.014914536104501337,0.0325766642825882,0.015060344335108606,0.014107319571363013,0.010882567489424422,0.0069696650520728876,0.014107319571363013
2022-02-01,0.010950258432124882,-0.002670483826935228,0.006505419466923223,0.010950258432124882,0.023033684182255224,0.007213909975217946,0.03862634283851252,0.022616312865620644,0.012964162723813271,-0.00260182597672254,0.007115445737515991,0.012964162723813271
2022-02-02,0.009991702955684327,0.011442131003432762,0.026992267933379725,0.009991702955684327,-0.0392681340350189,-0.04408499442104937,-0.039132735575322264,-0.039305330204810085,0.0017817301239004546,0.011453718117169177,0.026407074180706196,0.0017817301239004546
2022-02-03,-0.00951382855415483,-0.005904888542872765,-0.008032923807373322,-0.00951382855415483,0.015430349548788727,0.006428387413123996,-0.0013759251322007396,0.014826684966057628,-0.005356465536997568,-0.005903623894493987,-0.006589350935613769,-0.005356465536997568
2022-02-04,-0.0009650934505631595,-0.003738146167573323,-0.0030877191596005954,-0.0009650934505631595,0.08722734863520698,0.11390407710324474,0.11362666703116961,0.08857488218420637,0.013733646897065199,-0.003728708014513115,-0.0020723046651982577,0.013733646897065199
2022-02-05,,,,,0.009422977778614994,-0.000873275800625724,0.010410717097086845,0.00967275767780791,,,,
2022-02-06,,,,,0.02460039905956177,0.023347383295636858,0.014206593311191451,0.0243046728474588,,,,
2022-02-07,0.0023266470700742483,-0.0010148126251188156,0.004251596930490932,0.0023266470700742483,0.07049951598030699,0.033823857334309135,0.02779895143675583,0.06735938052175684,0.013688791888446367,-0.0010254509947311514,0.005845370146520211,0.013688791888446367
2022-02-08,0.004025120961881328,-0.001247350817449594,0.00284910806931672,0.004025120961881328,-0.0025026088809162687,0.005327130158126637,-0.0063205236972052594,-0.002725040352417496,0.0029371659880817287,-0.0012512413483867664,0.0020511967450510507,0.0029371659880817287
2022-02-09,0.0126067933136182,0.006465700892248741,0.019870780391213698,0.0126067933136182,0.019764412626272824,0.006601138030580328,0.03742011953678625,0.019809674288239563,0.013799729865727303,0.0064432429687191345,0.019944920717851398,0.013799729865727303
2022-02-10,-0.016922118858680186,-0.017375917095142985,-0.019069667441890103,-0.016922118858680186,-0.026291180600430487,-0.017380639767041548,-0.05000061799033161,-0.025848208845687885,-0.018483629148971906,-0.017393959082949616,-0.01832434222400404,-0.018483629148971906
2022-02-11,-0.010206802133622505,-0.002709642443823587,-0.006093137058405229,-0.010206802133622505,-0.05987846010561804,-0.029903448893928125,-0.04877319319619967,-0.05879171921235231,-0.01848541179562176,-0.0027246325516156397,-0.005925180219831699,-0.01848541179562176
2022-02-12,,,,,0.004881581624613972,-0.004256935373042593,-0.0034231086563658595,0.004347292248622979,,,,
2022-02-13,,,,,-0.0009595511905362893,0.00024492791267831534,-0.011619882910758439,-0.0007218920114596824,,,,
2022-02-14,-0.006341009055696149,-0.007878873242488827,-0.006880488605217697,-0.006341009055696149,-0.004873680716226226,0.008577265131310356,0.017345677203978165,-0.004017774614736718,-0.006096454332451165,-0.007885249412436072,-0.0076107826690456236,-0.006096454332451165
2022-02-15,0.0104701416520558,0.00216567184819223,0.0025066393940310003,0.0104701416520558,0.05531791979116257,0.04577543948225023,0.08399521286202113,0.05473264256342677,0.017944771341906925,0.00215535565373342,0.0023248458689908813,0.017944771341906925
2022-02-16,-0.0004521061122067474,-0.0017623459747177995,0.0016442269460804646,-0.0004521061122067474,-0.01540312500919441,-0.013090377008823225,-0.01636765067071777,-0.0155887531297682,-0.0029439425950380242,-0.0017679480644867277,0.0011416198975465737,-0.0029439425950380242
2022-02-17,-0.01523585324930586,-0.006750703863657587,-0.014489122302713354,-0.01523585324930586,-0.07783500010761192,-0.07641422822419044,-0.07876007915331672,-0.07724997983055275,-0.025669044392356868,-0.006762046259295422,-0.015082081642287913,-0.025669044392356868
2022-02-18,-0.008409016441980766,-0.005453746384063499,-0.008780015663846607,-0.008409016441980766,-0.007808763498197359,-0.010600078975294278,-0.03323095432766642,-0.008218525294835757,-0.008308974284683532,-0.005431349726123493,-0.008768885085151144,-0.008308974284683532
2022-02-19,,,,,0.005728448292466137,0.002623251246874258,-0.007906863423876913,0.005320651206726053,,,,
2022-02-20,,,,,-0.04326270437002942,-0.04060231290878613,-0.048866619788482835,-0.04292274556206866,,,,
2022-02-21,,,,,-0.0626345494325867,-0.03561886917487872,-0.020859493650194596,-0.060883960340417966,,,,
2022-02-22,-0.006636163123505223,-0.0040121967861607,-0.006921899627351977,-0.006636163123505223,0.039267972983908536,0.03416319904336793,0.025442047983414765,0.038921671444887736,0.0010145262277304029,-0.003992804813365123,-0.005625114410908752,0.0010145262277304029
2022-02-23,-0.011444759515712766,-0.0026738337830545904,0.008205917635287982,-0.011444759515712766,-0.020894244531552655,-0.0259469254648551,-0.018542685538320395,-0.020896932278423673,-0.013019673685019413,-0.002672281684990016,0.009213046634937251,-0.013019673685019413
2022-02-24,0.00664616201331293,-0.0010633235870959662,0.001585217382706791,0.00664616201331293,0.0018385094903915378,0.025701916025628248,0.0029754631265472764,0.0033785099184436007,0.005844886592826034,-0.0010657946780258777,0.000694222751298146,0.005844886592826034
2022-02-25,0.025427521482620962,0.026168250880844127,0.035097223689177524,0.025427521482620962,0.0426568023198654,0.01891890391786263,0.06407398153092879,0.04096545951008393,0.02829906828882836,0.026180675258240665,0.03537827148148807,0.02829906828882836
2022-02-26,,,,,0.002904508069891176,-0.002505513254632044,0.005996005841990329,0.0030062400179384757,,,,
2022-02-27,,,,,-0.04140870790385846,-0.034787819059719276,-0.05728286710874152,-0.04125285635790633,,,,
2022-02-28,-0.002195598379704531,-0.004997038953843137,-0.0043257213224813925,-0.002195598379704531,0.1008640657054067,0.13868556292526038,0.11343321941725869,0.10227305674210366,0.014981012301147338,-0.004970147967851838,-0.002578963799561418,0.014981012301147338
2022-03-01,-0.012896231197349312,-0.0017826925864643365,0.005665862349944062,-0.012896231197349312,0.0031196221938872945,0.02335098211900362,0.018805868828906232,0.003704786795810331,-0.010226922298809874,-0.0017606797033633721,0.006077435885138163,-0.010226922298809874
2022-03-02,0.019780619392027854,0.012063809428060039,0.01942594027249112,0.019780619392027854,-0.018961438742063776,-0.009736412702367947,-0.007664278432449158,-0.018449104922875492,0.013323609703012586,0.012077008895663632,0.01816730918357051,0.013323609703012586
2022-03-03,-0.0008418490610408497,0.008459509878424351,0.008284680134929952,-0.0008418490610408497,-0.01945143008743081,-0.03209626652514107,-0.038837802288885295,-0.020318034497442943,-0.003943445898772509,0.00845702096514108,0.008889270678667856,-0.003943445898772509
2022-03-04,0.0018169686926337767,0.006764636352448559,0.010529376114431036,0.0018169686926337767,-0.0696371325993718,-0.06982021786195208,-0.07675770417299684,-0.06949322534110018,-0.010092048189367153,0.006760441558983786,0.0084962735020266,-0.010092048189367153
2022-03-05,,,,,0.0252353977196617,0.01211481097928722,0.01748018688993422,0.024508329036030407,,,,
2022-03-06,,,,,-0.036850288741983914,-0.024899448313254368,-0.040156450249824935,-0.03639423817243703,,,,
2022-03-07,-0.01776749892036473,-0.008826842570068433,-0.009623608419931793,-0.01776749892036473,-0.01777702786344355,-0.008424856225926572,-0.021574441088827757,-0.017698659462446628,-0.017769087077544526,-0.008788177108900489,-0.009466842893873315,-0.017769087077544526
2022-03-08,-0.004451663647359793,-0.013716948122771983,-0.02233331402470007,-0.004451663647359793,0.019149664845266434,0.02012566016651921,0.030730055149468367,0.01975754207285445,-0.0005181088985887561,-0.013657588769173406,-0.02203655505456183,-0.0005181088985887561
2022-03-09,0.015019626125899074,0.004305435501037561,0.00807983489107291,0.015019626125899074,0.06142501332371159,0.0703703810134611,0.060953177200796474,0.061560116684708836,0.022753857325534494,0.004290483213395248,0.008261551196655103,0.022753857325534494
2022-03-10,-0.0008810613935192377,0.0017018738697837648,0.008012617760726176,-0.0008810613935192377,-0.04529719373610162,-0.0530360790632292,-0.045621867032362824,-0.04556425780144502,-0.00828375011728297,0.0017069159831930969,0.0067470373440401835,-0.00828375011728297
2022-03-11,-0.008321164119682882,-0.005393856849519446,-0.00678917480942561,-0.008321164119682882,0.00725138935331222,-0.01238982914822774,-0.01844351959797636,0.005496785381034703,-0.005725738540850365,-0.005395378494633736,-0.006716632206824146,-0.005725738540850365
2022-03-12,,,,,-0.0003131008534325579,0.0006619295315784892,0.0057349996331709325,3.402347510734127e-05,,,,
2022-03-13,,,,,-0.026829848389654964,-0.023381120059405017,-0.022023097163867664,-0.02636633803081489,,,,
2022-03-14,-0.009521426509802984,-0.004695761096165394,-0.011043389524703864,-0.009521426509802984,0.025832757715324072,0.04207765418722508,0.029734845741571685,0.026344925950903025,-0.003629062472281808,-0.004689720056661675,-0.009636880070869795,-0.003629062472281808
2022-03-15,0.009821014009503295,0.007329271290203209,0.007471138557028761,0.009821014009503295,0.002887432540878421,-0.0058494704285668485,0.010111600362501276,0.002736900497922642,0.008665417098065821,0.007322975469185318,0.006088684370907915,0.008665417098065821
2022-03-16,0.01583014592972459,0.005836522413467365,0.005937219138315724,0.01583014592972459,0.041546730983816206,0.039721592174932166,0.05720200541854868,0.041258377564447564,0.020116243438739852,0.005827652655285357,0.006547788580900275,0.020116243438739852
2022-03-17,0.014569366617528789,0.01132730603864273,0.01967148834944275,0.014569366617528789,-0.0021367286149943324,-0.004683081228897324,0.014151109763946956,-0.002136374062595773,0.011785017412108271,0.01132189522837212,0.01969105208155107,0.011785017412108271
2022-03-18,0.004900691902451892,0.003238029033466929,0.006996044477751044,0.004900691902451892,0.02287071412696635,0.019716958826570465,0.04471750317399043,0.023212522777393378,0.007895695606537636,0.003247613164653384,0.0067482498975317655,0.007895695606537636
2022-03-19,,,,,0.04889256616829627,0.008339610871807688,0.0008871059915774866,0.04661277106561605,,,,
2022-03-20,,,,,-0.0008807548129557868,-0.019840060887827148,-0.028687207875490263,-0.002263448660033563,,,,
2022-03-21,0.003616403556229849,0.0025789595943663465,0.014720188151635772,0.003616403556229849,0.023983811636451396,-0.0024647094263732057,0.012012378766201398,0.02253317526969688,0.007010971569600104,0.0025932057585562377,0.014214819573966407,0.007010971569600104
2022-03-22,0.0055469342443239394,0.004467226853783584,0.0021685659596881422,0.0055469342443239394,0.06288462575961842,0.030353153527808145,0.026269399623584787,0.061674495874233064,0.015103216163539684,0.004464724758903381,0.006495221055936415,0.015103216163539684
2022-03-23,-0.009675333619606638,-0.009389291326001685,0.0006696301990892995,-0.009675333619606638,0.012081167675711223,0.01295454977027169,0.019046228687342823,0.012558358952165715,-0.006049250070386996,-0.009402969715412447,0.0001858803934882124,-0.006049250070386996
2022-03-24,0.010775713212324893,0.006479459071331387,0.018824837707287163,0.010775713212324893,0.02453322843609056,0.023928760978173563,0.025369678515976612,0.0242913505554678,0.013068632416285832,0.0064739319770101425,0.019013538916073144,0.013068632416285832
2022-03-25,0.009012400337871583,0.008607128593609153,0.010966591289890634,0.009012400337871583,-0.011489590412916785,0.004454876471753266,0.00014607289499037377,-0.010775330210403068,0.005595401879406857,0.008597876150250127,0.010950837175067457,0.005595401879406857
2022-03-26,,,,,0.009594654493158005,0.00732080374190807,0.01121848918716239,0.00981047120923911,,,,
2022-03-27,,,,,0.042547875454710636,0.05099321876126724,0.047527540081907974,0.04287203839063766,,,,
2022-03-28,0.0008465485017869987,0.0055312723214846395,0.0019443624215459746,0.0008465485017869987,0.00445177065782223,0.0052319921816939355,0.013232590767660956,0.00360553682803886,0.0014474188611262038,0.0055352930037049445,0.0016413653974547714,0.0014474188611262038
2022-03-29,0.012421936723784475,0.012744351799353397,0.009297845174663307,0.012421936723784475,0.013999177555741139,0.0066883996996975476,0.018791283180316726,0.013862002453901921,0.012684810195777252,0.012732986141598703,0.010254377309756285,0.012684810195777252
2022-03-30,-0.004279865159334702,0.000526360443821681,0.0007838922514041381,-0.004279865159334702,0.009501167971384695,0.002034792261785794,-0.00517403035859692,0.009571493991610112,-0.001983026304214804,0.0005381331623361952,0.0011750840676486313,-0.001983026304214804
2022-03-31,-0.014612859704207257,-0.008933531189817247,-0.011077334658571589,-0.014612859704207257,-0.03077250341725826,-0.02503850147024404,-0.030694564238287467,-0.02932616182605671,-0.017306133656382425,-0.008920902789000961,-0.012049206682220523,-0.017306133656382425
2022-04-01,0.006186125023239843,0.00908937482674381,0.009446529751028708,0.006186125023239843,0.01314246889255092,0.015628424828070735,0.04905681122639864,0.013569715862151768,0.007345515668125022,0.009095392929838155,0.009358714898091867,0.007345515668125022
2022-04-02,,,,,-0.01024608862981643,-0.012447413568646712,-0.0014294060755423925,-0.01025620643150163,,,,
2022-04-03,,,,,0.019144810628382403,0.008952988598886134,0.022532302491471118,0.018507472023476138,,,,
2022-04-04,0.0023851263573864533,0.002898196628073553,-0.002965919362538866,0.0023851263573864533,-0.006553388346854017,-0.0060166226128845505,-0.0015475028918926516,-0.006721272185482458,0.0008953739066797098,0.00289921300275547,-0.003098865491922389,0.0008953739066797098
2022-04-05,-0.01069834050561134,-0.004437572194503879,-0.0030752749138554954,-0.01069834050561134,-0.028460521862655356,-0.021994771963531078,-0.02990884893524335,-0.02810281446431477,-0.013658704065118673,-0.004491290522577588,-0.003451230967817646,-0.013658704065118673
2022-04-06,-0.0012633246356550418,0.011107839935808817,0.01665000045223004,-0.0012633246356550418,-0.09165544300198733,-0.061558889451322096,-0.07028433525826054,-0.09006850644603347,-0.016328677696710422,0.01102843186888027,0.015069311365985312,-0.016328677696710422
2022-04-07,0.0016102370143205452,0.0034816153297867964,0.013171410248597408,0.0016102370143205452,0.0361365525133895,0.00991013393948013,0.02035902401662353,0.034534795292333345,0.007364622930832038,0.0034988430419910545,0.015591628801060837,0.007364622930832038
2022-04-08,0.0031541323434364893,0.007156007700334131,0.00478045630963355,0.0031541323434364893,-0.041862478758459706,-0.02841740041161141,-0.014571400447466448,-0.04076433058406663,-0.004348636173546209,0.007153201861249329,0.004167337883729636,-0.004348636173546209
2022-04-09,,,,,0.01842106310011493,0.014794917537009063,0.02132268693416235,0.01828408427406672,,,,
2022-04-10,,,,,-0.01700182837889297,-0.015850111207024606,-0.014968894930901751,-0.016986653244267052,,,,
2022-04-11,-0.011840453695113766,-0.014252710835722835,-0.025433894346096032,-0.011840453695113766,-0.08038746598850147,-0.06505622542448644,-0.0724382495906485,-0.07956343791065623,-0.023264955744011717,-0.014276489228779865,-0.02683653825969762,-0.023264955744011717
2022-04-12,-0.0008602131354637923,0.0027761529290866623,0.003935283052070409,-0.0008602131354637923,0.0283449435915488,0.019209779136359628,0.017421220689663657,0.027868695292396783,0.004007312985704972,0.0028065469512410447,0.004462100882476375,0.004007312985704972
2022-04-13,0.009111691535789813,0.006177711633344655,-0.006603410112955007,0.009111691535789813,0.037169341846512015,0.025932332541204865,0.02788737247710156,0.037274514550666944,0.013787966587576845,0.006237094821238247,-0.0074253914923250765,0.013787966587576845
2022-04-14,-0.0021576094399995685,0.0017989933793955025,0.006785792156896511,-0.0021576094399995685,-0.02365856424583321,-0.027896689109446305,-0.029416081745424573,-0.02392342874458724,-0.005741101907638509,0.001826692107101442,0.0066703069610326154,-0.005741101907638509
2022-04-15,,,,,0.031038335249899567,0.019196732622745363,0.011418664616347362,0.02972210271744596,,,,
2022-04-16,,,,,0.01442141326466836,-0.0020083012142599476,0.00631698976608216,0.012920018322921447,,,,
2022-04-17,,,,,-0.038583655169079335,-0.020285205911987788,-0.023357093169274853,-0.037282422803364336,,,,
2022-04-18,0.0008561339045568395,-0.004512999015008533,0.0019813763670546575,0.0008561339045568395,0.022289250330103764,0.02630856070729981,0.021344959586430567,0.022687042009600086,0.004428319975481326,-0.004511352033803863,0.001668765216091027,0.004428319975481326
2022-04-19,0.012514123824200307,0.008653238171332702,-0.0046659807881778035,0.012514123824200307,0.021499995707293638,0.020033192220949333,0.01484414777236887,0.02072302584408245,0.014011769138049192,0.008673469396264838,-0.004306349959437539,0.014011769138049192
2022-04-20,0.0015008733592365077,0.0026064516817829314,0.004715815313379915,0.0015008733592365077,-0.012096637850906011,-0.0053584859272397005,-0.009760255006041588,-0.012336815587910525,-0.0007653785091205787,0.0026048347487089177,0.004753135687334706,-0.0007653785091205787
2022-04-21,-0.012365582660085608,-0.010526215839480907,-0.017373398475608204,-0.012365582660085608,-0.020877854849308077,0.023188381723176662,-0.029083060991493073,-0.017273305355292087,-0.013784294691622687,-0.010573668850323813,-0.01705411111403757,-0.013784294691622687
2022-04-22,-0.02310687701405425,-0.015672136968629187,-0.026817272404855493,-0.02310687701405425,-0.011750225224195167,-0.03185028719132022,-0.008272853262981786,-0.01261763794364245,-0.021214101715744397,-0.015731343526395835,-0.02576768417583674,-0.021214101715744397
2022-04-23,,,,,-0.01286054767525191,-0.0011570253654101333,-0.009432578470602701,-0.01220329010014962,,,,
2022-04-24,,,,,-0.013762498814561453,-0.008149254691585835,-0.005683280289192521,-0.013504690136089762,,,,
2022-04-25,-0.002562322005097424,-0.0014774946258765459,-0.006906489523898612,-0.002562322005097424,0.01016629986165194,0.016761732757017842,0.027490993206716788,0.01075751779782107,-0.00044088502730586316,-0.0014686640348933783,-0.006995764436391846,-0.00044088502730586316
2022-04-26,-0.02058994664206025,-0.016042798913784358,-0.010063165102656802,-0.02058994664206025,-0.06831752801509475,-0.056328663060142746,-0.06737149351687738,-0.06751038797551448,-0.028544543537566,-0.0161092567090809,-0.011008492634078883,-0.028544543537566
2022-04-27,0.0004532832337849469,-0.002961203607725124,0.0011754274302942544,0.0004532832337849469,0.0244208828580192,0.027185283406918094,0.027978519980665122,0.024665989873774052,0.004447883171157322,-0.0029567203800537753,0.0018343330884907374,0.004447883171157322
2022-04-28,0.0175969767603209,0.015493511242871238,0.018792812673073832,0.0175969767603209,0.008911743483814662,0.01217323916084457,0.014881947377558262,0.008856493728513532,0.016149437880903197,0.015442108124505484,0.0176556014212169,0.016149437880903197
2022-04-29,-0.035137233680550675,-0.031366217743052406,-0.0532589259178555,-0.035137233680550675,-0.03646867383836265,-0.02226494946027741,-0.04190742655349566,-0.035813880060155706,-0.035359140373519345,-0.031314343591280366,-0.053925059729686885,-0.035359140373519345
2022-04-30,,,,,-0.053359876819118274,-0.020170872717325223,-0.0309050844546974,-0.05092710031314287,,,,
2022-05-01,,,,,0.04733577045165833,0.04307146727241054,0.03573723860073173,0.04778121042680939,,,,
2022-05-02,0.004282752066340887,0.000586003451120776,-0.013154600201981398,0.004282752066340887,-0.003150579813704691,-0.005045031228390517,0.010486865128902725,-0.00329423900765685,0.003043863419666624,0.000610918685578945,-0.013154611598629327,0.003043863419666624
2022-05-03,0.006419254004216235,0.002683861485852186,0.008362175225270458,0.006419254004216235,-0.010712090547274924,-0.005113842685587989,-0.025874505818675113,-0.00986445140138677,0.0035640299123010435,0.0026934346776571307,0.008362167758097847,0.0035640299123010435
2022-05-04,0.03059747582803359,0.024549962253037804,0.017498312263977297,0.03059747582803359,0.09768777207422855,0.08120939215514543,0.05646480841047264,0.09768107336229363,0.041779191869066076,0.024555206214370334,0.01749828483627229,0.041779191869066076
2022-05-05,-0.02522333353713442,-0.014913159044441559,-0.023737234559555568,-0.02522333353713442,-0.08792760957755685,-0.09057398877679843,-0.06509852608755541,-0.08814962988144785,-0.03567404621053815,-0.01492845877299291,-0.02373723850521226,-0.03567404621053815
2022-05-06,-0.0037348140552296684,-0.0058255208234083205,-0.0007464617608232037,-0.0037348140552296684,0.009911536356464605,0.021159525899872383,-0.019726880303197573,0.01173017955908212,-0.0014604223199472912,-0.00580368122483693,-0.0007464911453401392,-0.0014604223199472912
2022-05-07,,,,,-0.025861551667197516,-0.018912606862764646,-0.021850523755786107,-0.025703860214488044,,,,
2022-05-08,,,,,-0.019123252337417542,-0.021318549182269598,-0.045003365150451884,-0.018888952086499107,,,,
2022-05-09,-0.03505511084284932,-0.014124818762403294,-0.05250640922239334,-0.03505511084284932,-0.13858540201932165,-0.12150967084155505,-0.1080571469801337,-0.13809221913513722,-0.052310159372261376,-0.014196377086989904,-0.05250644843674522,-0.052310159372261376
2022-05-10,-0.00435015726679066,-0.007990756372540235,-0.00855898733900485,-0.00435015726679066,0.03548752611899277,0.029645809178597222,0.04368007377831027,0.03600425333743961,0.002289456630839913,-0.007949187926188041,-0.00855897476462457,0.002289456630839913
2022-05-11,-0.003418132781437833,0.00693996347306482,-0.0012708015465415113,-0.003418132781437833,-0.14409244004091043,-0.06000734943773374,-0.11581014355526464,-0.13943991586298074,-0.026863850658016598,0.0069248785311361045,-0.001270801232959161,-0.026863850658016598
2022-05-12,0.0022033135934364755,0.0071523369165061865,0.005848073741506655,0.0022033135934364755,-0.04872558742882796,-0.016933006198685225,-0.05328248829405898,-0.047782867906008386,-0.00628483657694093,0.007128317734490502,0.0058480752586997425,-0.00628483657694093
2022-05-13,0.022291124944625016,0.00989642302081012,0.01615536590024414,0.022291124944625016,0.06680643620759522,0.027635114226733887,0.0268729334107185,0.06588282369463357,0.02971034348845338,0.009904296459839635,0.016155357640742902,0.02971034348845338
2022-05-14,,,,,0.021150943771016485,0.01722483786125359,0.020778065161833236,0.020673639830399874,,,,
2022-05-15,,,,,0.041672055707046005,0.031164247515770873,0.043492678775346676,0.04089640441027745,,,,
2022-05-16,0.0013181692032246065,0.006122291034648417,0.0042089849914168425,0.0013181692032246065,-0.059615598921542265,-0.0458844851474938,-0.057314837096923754,-0.059118834788683024,-0.008837458817569869,0.006138455795771203,0.004208989853671017,-0.008837458817569869
2022-05-17,0.019450539934054743,-0.0029508925582029406,0.007685272653681654,0.019450539934054743,0.04388035967930752,0.024644697164121432,0.03346139276414228,0.04295691286693247,0.023522176558263535,-0.002910713206107125,0.007685274158907986,0.023522176558263535
2022-05-18,-0.02801387185213911,-0.024581892871937724,-0.03165689426520406,-0.02801387185213911,-0.0793407584536161,-0.04810199095116994,-0.0831191584146158,-0.07776342363753763,-0.036568352952385266,-0.024573808385136457,-0.03165685404413268,-0.036568352952385266
2022-05-19,-0.0018228315479148114,-0.005318636108397097,0.0007917801761457858,-0.0018228315479148114,0.047506905607711224,0.051633862944625256,0.053050754503766395,0.04732056874334695,0.006398791311356195,-0.005302836094168335,0.0007918080714351215,0.006398791311356195
2022-05-20,0.0006859801810684973,0.0029967038492852,0.002109823847850324,0.0006859801810684973,-0.031759637146683804,-0.03545733774695583,-0.028251243936057387,-0.03160566474611101,-0.00472162270689022,0.002981851715567026,0.0021098216351439444,-0.00472162270689022
2022-05-21,,,,,0.01647804411295526,0.014276877126034322,0.006731520527228923,0.016427090018368284,,,,
2022-05-22,,,,,0.03472782004763588,0.03545198982165663,0.03476891305694485,0.03485296761543456,,,,
2022-05-23,0.019290594368582815,0.01714453860884038,0.015306322690078426,0.019290594368582815,-0.03280431624764311,-0.036872324115699094,-0.03474418451813722,-0.03321733190973224,0.0106081092658785,0.01714082088907778,0.015306316679574954,0.0106081092658785
2022-05-24,0.0004160499764193643,0.009867761468249296,0.0030145728356890645,0.0004160499764193643,0.03203904359740626,0.02703406095253761,0.0034484158752532594,0.031246772930499944,0.005686548913250512,0.00984634870234079,0.0030145710734484485,0.005686548913250512
2022-05-25,0.008934932428617256,0.005384367558321236,0.010709312370982365,0.008934932428617256,-0.009345323136245278,0.008017942263879993,-0.0172588197493102,-0.008017841704126503,0.005888223167806835,0.005398632562537695,0.010709301699178239,0.005888223167806835
2022-05-26,0.015234428874930364,0.0057293526489422455,0.009347189240825112,0.015234428874930364,-0.05070413016976659,-0.013501393712219067,-0.07245605236746351,-0.04918573929850963,0.0042446690341475385,0.005726382871107024,0.009347184125168764,0.0042446690341475385
2022-05-27,0.01958241057376831,0.010926510420952721,0.01913878851708604,0.01958241057376831,-0.02852164180232375,-0.02172208074363603,-0.04378840002928739,-0.028829651153104194,0.011565068511086301,0.010942869127476652,0.01913880874930909,0.011565068511086301
2022-05-28,,,,,0.01804435320543567,0.006818705503858518,0.019142259532667124,0.017418928963117038,,,,
2022-05-29,,,,,0.02776182819934858,0.015356098071174077,0.030768501122035552,0.026933466313194775,,,,
2022-05-30,,,,,0.08357793585561525,0.06834309461030762,0.10176993535099796,0.08313386606703847,,,,
2022-05-31,-0.007686832348451913,-0.009259691379447696,-0.015376605230522995,-0.007686832348451913,0.011728387575256228,0.003995696154529457,-0.02710486988964186,0.01200269437670911,-0.004450962361167222,-0.009267299577277538,-0.015376601995370907,-0.004450962361167222
2022-06-01,-0.005248085487194567,-0.005536266617128984,0.0003538892856513537,-0.005248085487194567,-0.0710803050374161,-0.05002154842796955,-0.008516339710219445,-0.06873681752237923,-0.016220122078898155,-0.006201116416628462,0.00035388339621672874,-0.016220122078898155
2022-06-02,0.014666480722361935,0.003006552011332593,0.0017776606105354763,0.014666480722361935,0.0241083992323192,0.019271207874562112,0.008924915904946044,0.022994622412936403,0.01624013380735481,0.002954958012340112,0.0017776499705914987,0.01624013380735481
2022-06-03,-0.00828168804204499,-0.005304341318939053,0.0021646900088185873,-0.00828168804204499,-0.02621997954174823,-0.027728404679285473,-0.03651199348035505,-0.02617818946884795,-0.011271403291995524,-0.005339392690117549,0.0021646969609019203,-0.011271403291995524
2022-06-04,,,,,0.007294771740642957,0.0010746560740035375,-0.009575553603478363,0.00684906322199916,,,,
2022-06-05,,,,,-0.004211390828016736,0.004976213416534363,0.013177089958018568,-0.003746593819433204,,,,
2022-06-06,-0.0004726634839063059,-0.00461608965391848,-0.0029666043400531973,-0.0004726634839063059,0.02920144611179571,0.038302907220947834,0.0034263556344134504,0.02854504995571825,0.004473021448710696,-0.004063799874222741,-0.00296660911207373,0.004473021448710696
2022-06-07,0.010212564518665375,0.007674536598233882,0.013297852165270909,0.010212564518665375,-0.011969793902402005,-0.004373208691233086,0.003769744996903602,-0.011703323578041937,0.006515504781820812,0.007344582026136931,0.013297856329433807,0.006515504781820812
2022-06-08,-0.01288874606797629,-0.009550331707438315,-0.007523265016176117,-0.01288874606797629,-0.013612383477299806,-0.02706582638105572,-0.01677786409188775,-0.014710515921805787,-0.013009352302863542,-0.00995451018767214,-0.007523257498203898,-0.013009352302863542
2022-06-09,-0.02355902207801281,-0.022740358173618948,-0.02479724149722695,-0.02355902207801281,-0.006290799584613549,-0.0016118096773198977,0.0042040429958103325,-0.0057009316287145164,-0.020680984995779597,-0.02250021477879759,-0.024797250547938084,-0.020680984995779597
2022-06-10,-0.02572519852341478,-0.009524370549460297,-0.012714873690488833,-0.02572519852341478,-0.052389569676345525,-0.032028213455345546,-0.025093907437285064,-0.05093728020540854,-0.030169260382236565,-0.009294735761817934,-0.012714880358229227,-0.030169260382236565
2022-06-11,,,,,-0.05910299544008756,-0.02792447936750511,-0.037963570827518146,-0.05814919083502486,,,,
2022-06-12,,,,,-0.05806915079641411,-0.04170304642711592,0.00626746590010776,-0.05560964884310239,,,,
2022-06-13,-0.04038529147505947,-0.03236818677207745,-0.04168507106987781,-0.04038529147505947,-0.12649945561716172,-0.1610347770848884,-0.16525123860314017,-0.12942548237822474,-0.054737652165409836,-0.03341210451040599,-0.04168505724662297,-0.054737652165409836
2022-06-14,-0.0064914420956831,-0.013708409923571226,-0.007628521647295744,-0.0064914420956831,0.011680498107776516,-0.03892338406695355,-0.12552909351544653,0.007426810308371397,-0.0034627853951064965,-0.013825935529273591,-0.007628495444793864,-0.0034627853951064965
2022-06-15,0.010895650187921786,0.002912345759473454,-0.004827923340553984,0.010895650187921786,0.06542525357596155,0.04259681277015993,0.12811457007507193,0.0637728686385367,0.019983917419261737,0.0029756325778674594,-0.0048279280666633125,0.019983917419261737
2022-06-16,-0.02883302653138866,-0.007835544406528063,-0.020763162041251948,-0.02883302653138866,-0.10718840066102221,-0.08864900912207581,-0.061064917002141984,-0.10629964082950637,-0.04189225555299424,-0.008526253549498652,-0.020763149786457588,-0.04189225555299424
2022-06-17,-0.0040129501461385695,-0.004133375819381892,-0.019675121349365863,-0.0040129501461385695,0.03646198203338853,0.006480156774021587,0.013267871448294333,0.03524551080937914,0.0027328718837826144,-0.0039053486688511376,-0.019675107306449103,0.0027328718837826144
2022-06-18,,,,,-0.04251541303837564,-0.0503065913401327,0.017520138991895386,-0.04233555507749215,,,,
2022-06-19,,,,,0.07927452664115972,0.06405502868178023,0.009388895965015843,0.07768355269511096,,,,
2022-06-20,,,,,0.0015757411640274664,0.0004196887012345654,-0.0055776674732929046,0.0008510196561957978,,,,
2022-06-21,0.021283145794544635,0.02233281576294711,0.035719899470560486,0.021283145794544635,0.005971368768382867,0.018260890713653312,0.060406880992289656,0.0075684634114606755,0.018731182956851,0.02227749885439416,0.03571990885515544,0.018731182956851
2022-06-22,-0.003436148511325536,0.003349784696797271,-0.003438678999193257,-0.003436148511325536,-0.03599036081922781,-0.03297277683165342,-0.026539834684574035,-0.035887635960575176,-0.008861850562642583,0.003116279747796579,-0.0034386653291570246,-0.008861850562642583
2022-06-23,0.0025338360448495245,0.013044605752395196,0.003429308059965523,0.0025338360448495245,0.047340504070337984,0.044422299025339715,0.009853533091909047,0.04696281653081051,0.0100016140490976,0.013656728047932947,0.0034293156263995443,0.0100016140490976
2022-06-24,0.028722864719396547,0.014230633233958082,0.018065834799879207,0.028722864719396547,0.03819140914105866,0.013200586358233995,0.03378970820168072,0.03826369476939191,0.03030095545634023,0.013856561359171947,0.018065837262330908,0.03030095545634023
2022-06-25,,,,,0.007753439427377806,0.006263196204448338,-0.014976910332770226,0.007241091717779146,,,,
2022-06-26,,,,,-0.021408985862141752,-0.016744452056798607,0.0007701480956911574,-0.021411971807769208,,,,
2022-06-27,-0.0030991162767539794,-0.0029265969383630397,0.012028626602427036,-0.0030991162767539794,-0.006753675892738909,-0.003041012757420896,0.032448746003128574,-0.006116006755492778,-0.0037082095460848007,-0.00314136159674235,0.0120286270339865,-0.0037082095460848007
2022-06-28,-0.009510549810128442,-0.008841717761632398,0.0014518755579864644,-0.009510549810128442,-0.043163800565628886,-0.020410511678257463,-0.015416255334360335,-0.04213594092086834,-0.01511942493604518,-0.00880288115371769,0.001451880978247591,-0.01511942493604518
2022-06-29,-0.005108620032928052,0.0005320236151880057,-0.00596173904678472,-0.005108620032928052,-0.014634249838758707,-0.010950336793808763,-0.0182924971822548,-0.015111035949237277,-0.006696225000566496,0.0005313687405075998,-0.005961737003233591,-0.006696225000566496
2022-06-30,-0.00757003786096443,-0.007561617005727573,-0.0063829118602803745,-0.00757003786096443,-0.00736490300233722,-0.012437601019230173,-0.0011568339800731916,-0.0075132451409527104,-0.007535848717859894,-0.0074232041082175045,-0.006382919400151909,-0.007535848717859894
2022-07-01,0.010735052336339567,0.014886768781467781,0.013626247293649547,0.010735052336339567,-0.022743101604300778,-0.019519454843660425,0.002918676202519937,-0.022145540004891592,0.005155360012899511,0.014885034922141636,0.013626214921278607,0.005155360012899511
2022-07-02,,,,,0.010206534368909838,-0.001707610265253326,-0.0027408509429555066,0.009645408910502154,,,,
2022-07-03,,,,,0.006203747849250052,0.007357356324703108,0.022851584856107048,0.006642134657471121,,,,
2022-07-04,,,,,0.03434928007958627,0.04087452103092011,0.014974489922158454,0.03440342280063634,,,,
2022-07-05,-0.006293927342713394,-0.003635801850608943,-0.012958394122751116,-0.006293927342713394,-0.019035901264224744,0.001629224999923825,0.01421813341677989,-0.01755285775344012,-0.008417589662965286,-0.0036293616955973673,-0.012958354021803469,-0.008417589662965286
2022-07-06,-0.00013597333307193254,0.0014983200954861021,-0.0034278811349642193,-0.00013597333307193254,0.01714929107079264,0.011730432425246315,-0.008915808026445083,0.016995616551482108,0.0027449040675721625,0.0015125304469729552,-0.00342790633576923,0.0027449040675721625
2022-07-07,0.014110195282665636,0.0023993044954568887,0.004024151062834987,0.014110195282665636,0.03818408898870451,0.04459334813380021,0.015654201151573694,0.03812482640209912,0.018122510900338784,0.0023821147037332256,0.0040241924760739305,0.018122510900338784
2022-07-08,-0.003327694098526209,-0.0028626078560717977,0.00036128992479084334,-0.003327694098526209,-0.009716256354324614,0.004589423144096839,0.005506639248160409,-0.00879063260510447,-0.004392454474492608,-0.0028816081935708233,0.00036128011456357977,-0.004392454474492608
2022-07-09,,,,,0.014113331687002918,-0.002303157057735237,0.011749922495481355,0.012866918246609325,,,,
2022-07-10,,,,,-0.039914641433941585,-0.033306897788000236,-0.031303255677289206,-0.0398623658377936,,,,
2022-07-11,-0.007581620815643344,1.0888499103921966e-06,0.00026972612885121,-0.007581620815643344,-0.055941769132582544,-0.04280334607586506,-0.04329832708605953,-0.055104273418116446,-0.015641645535133215,1.3233295787104315e-05,0.0002697220595722698,-0.015641645535133215
2022-07-12,-0.0038619318641055773,-0.005775206482736461,-0.008235482349157958,-0.0038619318641055773,-0.023506154582261487,-0.02533941396309427,-0.00114340934227143,-0.02302430749633288,-0.007135968983798229,-0.005801624989256739,-0.0082355164056037,-0.007135968983798229
2022-07-13,-0.0037269688378600173,-0.0012876021658304662,-0.0030966856693634653,-0.0037269688378600173,0.04427791375235155,0.041177516202303255,0.024735456794090522,0.044225168234002486,0.004273844927175245,-0.001282114254029037,-0.003096664762012586,0.004273844927175245
2022-07-14,-0.0041632110087867465,-0.004879324446630765,-0.0021521268448680964,-0.0041632110087867465,0.023188826061356818,0.015888295623194635,0.009646287784761853,0.023331699406367198,0.0003954618362371789,-0.004877483634973136,-0.002152147067794771,0.0003954618362371789
2022-07-15,0.018608815343360566,0.010461720343104263,0.01629204318582687,0.018608815343360566,0.013295712298953433,0.010669159216102233,0.0028258556827358648,0.013332468023303798,0.017723298169292714,0.010475174357376962,0.016292076558804183,0.017723298169292714
2022-07-16,,,,,0.05154078995565464,0.01929607708448014,0.027224929424934298,0.04972629440926974,,,,
2022-07-17,,,,,-0.0009481346380628363,-0.01983203120224066,-0.021336190558892434,-0.002951268223127766,,,,
2022-07-18,-0.0032098002043968576,-0.012058536728018213,-0.011761889227308586,-0.0032098002043968576,0.10792768941483928,0.06912776340387253,0.02448568763032619,0.10419822270316186,0.0153131147321425,-0.012054746808565045,-0.011761884344553697,0.0153131147321425
2022-07-19,0.027385120685752967,0.013740935102292308,0.01065916316178623,0.027385120685752967,0.018286943077011588,0.031341906761306174,0.000926495972816358,0.018306766023859573,0.02586875775096274,0.013742217754697035,0.010659181961949711,0.02586875775096274
2022-07-20,0.002652137007976471,-0.006625289825959683,-0.007910254334995618,0.002652137007976471,-0.03622962949559685,-0.010233062950602063,-0.022229544954451973,-0.0347675764266811,-0.003828157409285748,-0.006622829337282913,-0.007910236809253842,-0.003828157409285748
2022-07-21,0.005351057035176227,0.004056747432082944,-0.003601914117168326,0.005351057035176227,0.024561258029602205,-0.0008138502745053133,0.006315993647637826,0.02277193145477225,0.00855275720091389,0.004062061102912956,-0.0036019213209465047,0.00855275720091389
2022-07-22,-0.004943947923047727,-0.00017190214828069017,0.003289376479885785,-0.004943947923047727,-0.007789360004250422,-0.018276102733443773,-0.01437548597649786,-0.00815715557522784,-0.005418183269914843,-0.0001802063044984459,0.003289346561667297,-0.005418183269914843
2022-07-23,,,,,0.007536720936223896,-0.008827600182746047,-0.0014168035950877732,0.005782978313659267,,,,
2022-07-24,,,,,0.01969238716296306,0.004903791950683066,-0.0002239880895752369,0.019601944866489158,,,,
2022-07-25,0.0035859017301082836,-0.003443020591097657,0.017969936814132156,0.0035859017301082836,-0.07276478282443084,-0.05313937167605841,-0.04614309156342881,-0.07187388434059912,-0.009139212362314906,-0.0034728531724869554,0.01796996790504311,-0.009139212362314906
2022-07-26,-0.004859655657097753,-0.004880539628950005,0.0007316353179538025,-0.004859655657097753,0.004279722862660339,0.0008161022404395805,0.02324014088837335,0.004094501796346406,-0.003336425903804736,-0.004949723793882182,0.0007315839235096904,-0.003336425903804736
2022-07-27,0.011691570468449708,0.0048621505242185835,0.002701304420514476,0.011691570468449708,0.10911298957386757,0.07313616527355343,0.05090373027344772,0.10493064267002145,0.02792847365268602,0.004929022308580818,0.0027013270266653486,0.02792847365268602
2022-07-28,0.010345161395059147,0.007861203728153047,0.004579551010814683,0.010345161395059147,0.07791692582964407,0.03443435631709605,0.015888785446275325,0.07530264398077062,0.021607122134156626,0.00785484001699431,0.004579469551707446,0.021607122134156626
2022-07-29,0.009706179215131488,0.002809343749361928,-0.0008061441753108493,0.009706179215131488,-0.005829183344439626,-0.0027809482665071884,-0.0066804863491472,-0.005854481798769221,0.007116952121869639,0.0028273008458416012,-0.0008061390997532971,0.007116952121869639
2022-07-30,,,,,-0.004675670221653649,-0.005307987153800065,-0.0021215176948339385,-0.004289337609746491,,,,
2022-07-31,,,,,-0.016465189612308164,-0.01110759038414153,-0.002892497329803586,-0.015852011337211366,,,,
2022-08-01,-0.0016167632894356567,-0.004908070831947438,-0.012529332268851721,-0.0016167632894356567,-0.012699082640371008,0.0038488716890440317,-0.03771362674816435,-0.010696915975955302,-0.0034638165145915484,-0.004890003596171828,-0.012529323768432497,-0.0034638165145915484
2022-08-02,-0.009763777204931854,-0.005158161055872409,-0.0059452298358678695,-0.009763777204931854,-0.018731547141342078,-0.016905160600598077,0.04231814869993574,-0.019607050745046928,-0.011258405527666888,-0.005136811133716992,-0.005945235050807281,-0.011258405527666888
2022-08-03,0.0063489694907891345,0.013628588955611351,-0.008890314502140019,0.0063489694907891345,-0.005898263614123967,-0.006444174051770989,-0.015241665358177389,-0.005952730846399964,0.0043077639733036166,0.013538512255223437,-0.008890317341928746,0.0043077639733036166
2022-08-04,-0.001620504861874982,-0.00793578069734154,-0.016532944910663788,-0.001620504861874982,0.0014520885855312197,-0.0013104013122348724,-0.033352170561459546,0.0021904897208711643,-0.0011084059539739493,-0.007968077662536056,-0.01653293799677152,-0.0011084059539739493
2022-08-05,0.001588598643800305,-0.004371104023743108,0.004539770873496211,0.001588598643800305,0.04574473649123466,0.02399426840699373,0.0992274949246232,0.04296315750212496,0.008947954951706028,-0.004340030745926542,0.00453977643459217,0.008947954951706028
2022-08-06,,,,,-0.009351144158146453,-0.011269794006516336,-0.010855094572901345,-0.008911821913534262,,,,
2022-08-07,,,,,0.006392427307688353,0.007144556382995646,-0.003231512824392377,0.006239834883175703,,,,
2022-08-08,-0.00012185518376140356,0.004172025861856383,0.006989361072039818,-0.00012185518376140356,0.022944762116980797,0.020919972013208568,0.007481817281771221,0.023071232969203513,0.0037225810330289637,0.004183470084043069,0.0069893618476183665,0.0037225810330289637
2022-08-09,-0.0008059676403024054,0.002053697310813109,0.014344894006413257,-0.0008059676403024054,-0.04364255068394754,-0.02591842422497303,-0.041650589479034876,-0.042472097323898055,-0.007945398147576593,0.0020308258600654997,0.01434490156167989,-0.007945398147576593
2022-08-10,0.01673915248481959,0.011405987295754857,0.0033496208776001624,0.01673915248481959,0.050017755892849645,0.03167700688168637,0.0633101012231789,0.048263468672621754,0.022285586386157935,0.011418019664195348,0.003349620885748985,0.022285586386157935
2022-08-11,0.005926270642628072,-0.0013304060673163091,0.012989613365498646,0.005926270642628072,0.013045285139439911,0.0003236061532173444,0.09112905942611933,0.01082657177051129,0.007112773058763379,-0.0013115484051233288,0.012989607933160235,0.007112773058763379
2022-08-12,0.014869254887947707,0.014365112491964394,0.0063178817214721876,0.014869254887947707,0.014118240519318504,0.013298305885778138,0.0281076205137205,0.013340585952895303,0.014744085826509507,0.014414541028901265,0.006317889835772548,0.014744085826509507
2022-08-13,,,,,0.007878268833164915,-0.0018343908400585628,0.0019042276910496965,0.006709482373124801,,,,
2022-08-14,,,,,-0.012942023802462376,-0.0007219022120947056,-0.044592959001860645,-0.011717041329194317,,,,
2022-08-15,0.004334572828434533,0.011845695985870461,-0.007514393134536309,0.004334572828434533,-0.016734843725832,-0.011664261283678989,0.00958075988354711,-0.016643035848517396,0.0008230034027234425,0.011764047908290439,-0.007514392073511787,0.0008230034027234425
2022-08-16,0.002959074994956916,0.012938632299639307,0.0005627486582230816,0.002959074994956916,0.002091266162104811,-0.003672759245964553,-0.04869819315779642,0.002413158023173277,0.002814440189481566,0.01297383069527061,0.000562748190590276,0.002814440189481566
2022-08-17,-0.008142599544448665,-0.006236469637123697,-0.0009224600216729534,-0.008142599544448665,-0.006078541612463405,-0.02246341099169172,0.006425488998786915,-0.007146637171038034,-0.00779858988911779,-0.006240254045248177,-0.0009224608395550168,-0.00779858988911779
2022-08-18,0.00399189397737818,-0.0025132027843786232,0.010853980824057044,0.00399189397737818,-0.017337879464370286,-0.007190830469466106,-0.015422537496979633,-0.016821038933678877,0.00043693173708676884,-0.002505275330515525,0.010853983334018337,0.00043693173708676884
2022-08-19,-0.008808503379776999,-0.004563717297872095,0.01713066200344177,-0.008808503379776999,-0.10808945972908332,-0.08469576041753146,-0.1677078599158029,-0.10417621562448307,-0.025355329437994716,-0.004581630867852009,0.017130672072289733,-0.025355329437994716
2022-08-20,,,,,0.01436897110145091,0.01783490317565553,-0.002610777067225111,0.014752195837037504,,,,
2022-08-21,,,,,0.031694698941254096,0.012865295117996845,0.02484100477342732,0.030022006505571866,,,,
2022-08-22,-0.019339684380979445,-0.014015563461710226,-0.013893080783559357,-0.019339684380979445,0.021473569506181945,-0.006320273403634929,0.010152523520609469,0.019163673631313962,-0.012537475399785884,-0.014017468181580572,-0.013893085808162092,-0.012537475399785884
2022-08-23,0.0019793433425868744,-0.005037624295102882,0.014601244109994792,0.0019793433425868744,0.014107231905767193,0.0074809632631834475,0.0084575455418594,0.014202760560816772,0.004000658103116927,-0.005065884666138407,0.014601244325950554,0.004000658103116927
2022-08-24,0.0023558955475155583,0.00024450279386412695,0.0024726692487684644,0.0023558955475155583,-0.007648736420349412,-0.010887826096351411,0.02948484110709469,-0.008616474095921464,0.0006884568862047296,0.00025680638550746216,0.002472671662014317,0.0006884568862047296
2022-08-25,0.01385520701878383,0.005768071358782496,0.005459560255750634,0.01385520701878383,0.01094257699168686,0.009743417989910859,0.051649881143130495,0.010171091812751104,0.013369768680934336,0.0057677489522990726,0.005459561019938313,0.013369768680934336
2022-08-26,-0.02769034731246524,-0.018051135315685116,-0.013502459753640724,-0.02769034731246524,-0.07803359417007812,-0.06106116674137614,-0.08741025297798975,-0.07625094606503101,-0.03608088845540071,-0.01807290402118515,-0.013502459430674093,-0.03608088845540071
2022-08-27,,,,,0.00217928456937987,-0.001036352062422941,-0.02651615655036342,0.0024091307575082378,,,,
2022-08-28,,,,,-0.033573061151733086,-0.0216770784093015,-0.06419132144199355,-0.03208730789122163,,,,
2022-08-29,-0.0038147275975503716,-0.004087760172449971,0.004959587430900787,-0.0038147275975503716,0.04925487420357118,0.03347800590198259,0.08779453230308838,0.04732438718256798,0.005030206035969886,-0.004089590199949693,0.00495958186967058,0.005030206035969886
2022-08-30,-0.013364542345735518,-0.00837295406389758,-0.018017297298969222,-0.013364542345735518,-0.0268941958202499,-0.010355310835086649,-0.0379344662562595,-0.025137058437795963,-0.015619484591487917,-0.008389873569315294,-0.0180173025560151,-0.015619484591487917
2022-08-31,-0.007346647125874835,-0.0021688331805179892,-0.010996339691443887,-0.007346647125874835,0.0032082975179153817,0.0025328135605078546,0.0033775378911813326,0.0030437370437560118,-0.005587489685243131,-0.0021903004570659156,-0.010996342842631431,-0.005587489685243131
2022-09-01,-0.0006877551969647988,0.011791756243574333,-0.0008315496190046806,-0.0006877551969647988,0.02437063798841811,0.0018117173130127076,0.015365403154137036,0.022484042664889316,0.0034886436672656863,0.01178981742672937,-0.0008315373217923778,0.0034886436672656863
2022-09-02,-0.009523452905370693,-0.009393909928422968,-0.00031727071843635655,-0.009523452905370693,0.004941360554689911,-0.008648906921254336,-0.01356340553087465,0.004139362326926903,-0.007112650662027255,-0.009394504633141117,-0.0003172529793255081,-0.007112650662027255
2022-09-03,,,,,0.002144406622791495,-0.001986491976781809,-0.006652541188020611,0.0017639681804337186,,,,
2022-09-04,,,,,0.00946666488626442,0.00736621679408616,0.0062257590796706026,0.008990036519293981,,,,
2022-09-05,,,,,0.031521784509391984,-0.00877845798189162,0.21734620267723814,0.024701631187443406,,,,
2022-09-06,-0.003960837321840623,-0.0024831581918164395,-0.00782722918017165,-0.003960837321840623,-0.0711698190596358,-0.0445394935377714,-0.12378078884445143,-0.06736800307452992,-0.015162334278139821,-0.0024833352810804707,-0.007827271862383493,-0.015162334278139821
2022-09-07,0.015912572907354684,0.01659936551988292,0.0017669052286625173,0.015912572907354684,0.05776727663863668,0.021869150495442705,0.07636679928418943,0.05429210389830821,0.022888356862568345,0.016600551869014876,0.001766904864030785,0.022888356862568345
2022-09-08,0.006066542642071269,0.002701339092680403,-0.0007156537941352046,0.006066542642071269,0.005849298003899806,-0.001703571253815404,-0.004032575527606718,0.005799698683900947,0.006030335202376025,0.0026967151561710385,-0.0007156534516212162,0.006030335202376025
2022-09-09,0.01464305635253413,0.00908044428187999,0.012108077984175743,0.01464305635253413,0.058616277059268106,0.08337334323092968,0.05731056334213159,0.05964769422705379,0.02197192647032312,0.009082564297652432,0.012108114051219062,0.02197192647032312
2022-09-10,,,,,0.01834220726446272,0.015862695465262904,0.0029540362690008166,0.0180340082656275,,,,
2022-09-11,,,,,-0.011384277713285618,-8.416322034838399e-05,-0.02183662382953344,-0.010556478474691901,,,,
2022-09-12,0.008484821861791864,0.00845405570580891,0.00925562594739411,0.008484821861791864,-0.007453641423881051,0.017304492468342897,-0.003079269180967126,-0.0059105565065833135,0.005828411314179709,0.00845935455409142,0.009255472698961079,0.005828411314179709
2022-09-13,-0.040049309985713,-0.03012383906610089,-0.023820960215864818,-0.040049309985713,-0.07111080127953137,-0.07654924124099245,-0.05918614931716205,-0.07092391716477192,-0.04522622520134939,-0.030120613327995423,-0.023821021282387302,-0.04522622520134939
2022-09-14,0.0031318623014507806,0.006286538012421247,0.02091180762138764,0.0031318623014507806,0.02134357991808681,0.0008538594452150077,0.08926133870400421,0.018591705882624886,0.006167148570890121,0.0062847304643343154,0.02091185807955836,0.006167148570890121
2022-09-15,-0.016171537094844503,-0.01052673119251782,-0.01986427126047614,-0.016171537094844503,-0.04826521767813677,-0.019914385520434418,-0.09488338092589466,-0.04487006367185102,-0.021520483858726538,-0.01053363183273179,-0.01986429940707826,-0.021520483858726538
2022-09-16,-0.007247144972022488,0.0006892409484044862,-0.006180863477285832,-0.007247144972022488,0.0130507130129396,0.0026576947945114344,-0.04335069004224468,0.014791142520443192,-0.0038641686411954724,0.0006823025739417973,-0.006180823216704742,-0.0038641686411954724
2022-09-17,,,,,0.031041752444428396,0.01740314565409768,0.011277586497009166,0.031159609922385516,,,,
2022-09-18,,,,,-0.07844006705083154,-0.031135889066238848,-0.1421599601907424,-0.07296610324982296,,,,
2022-09-19,0.006236594572679689,0.0037501655618619434,0.004341348636554729,0.006236594572679689,0.022050621841714125,0.0014711394619922808,0.02980915669988038,0.021277510103221577,0.008872265784185429,0.003750374736592799,0.004341347139410626,0.008872265784185429
2022-09-20,-0.015572445225681552,-0.013451739711091856,-0.008991579573703484,-0.015572445225681552,0.00012092982397091719,-0.025769265929609157,-0.04128723001847179,0.0013172142435786145,-0.012956882717406143,-0.013451046888852064,-0.008991605219096182,-0.012956882717406143
2022-09-21,-0.01695516019963178,-0.013005856517143203,-0.015378336208434151,-0.01695516019963178,-0.039127276267486556,-0.015299449332326345,-0.04294938850065355,-0.03768550168548848,-0.02065051287760757,-0.013002674619092283,-0.015378334443375259,-0.02065051287760757
2022-09-22,-0.009265739650809665,0.003267679647901093,-0.0010865897657037185,-0.009265739650809665,0.06731721632356923,0.037426641393726354,0.02588744037929836,0.06847500545029457,0.0034980863449201515,0.0032662755838844346,-0.0010865829949918537,0.0034980863449201515
2022-09-23,-0.022218416288988612,-0.01660263031639751,-0.033703550844377705,-0.022218416288988612,0.011085161822327872,-0.0030380594574008868,0.009999796840097552,0.010801206880706828,-0.01666781993710253,-0.016605798942673774,-0.03370360559109686,-0.01666781993710253
2022-09-24,,,,,-0.021096523709983692,-0.015727616215543597,-0.00673181238718379,-0.0212809088562423,,,,
2022-09-25,,,,,-0.013323073667573293,-0.005599151624215664,-0.013922913810476613,-0.012387797409770942,,,,
2022-09-26,-0.016062688619373502,-0.01055776278870388,-0.018527323094222083,-0.016062688619373502,0.002677652663144337,0.01417053429784757,0.004158259638217034,0.0019286695963432448,-0.01293929840562053,-0.010561927306105818,-0.01852723693921417,-0.01293929840562053
2022-09-27,-0.003665789050752121,-0.0057534659985756294,-0.0029999554662669273,-0.003665789050752121,-0.01530393045398919,-0.004696786668865457,-0.010526778122594393,-0.015151357016248094,-0.005605479284624965,-0.005754961976210245,-0.0030000360737918253,-0.005605479284624965
2022-09-28,0.021300718433708198,0.022168742577290793,0.028801034520983742,0.021300718433708198,-0.0012962799289126913,0.012203815745165636,-0.01684129131769696,-0.0003030868900871337,0.017534552039938055,0.022168077140875656,0.028801086051481413,0.017534552039938055
2022-09-29,-0.019865724827656667,-0.016187601141938554,-0.01443041409429687,-0.019865724827656667,0.026085138651090946,0.012891086301353018,0.004981862392405168,0.0271818206216281,-0.012207247581198724,-0.01619208628378673,-0.014430370222247772,-0.012207247581198724
2022-09-30,-0.014866290633047613,-0.01679626612114573,-0.017800165295405165,-0.014866290633047613,-0.004491731472247418,-0.004979935181546062,-0.0029513638826588195,-0.004422538052119693,-0.013137197439580917,-0.016802899676662972,-0.017800009782126407,-0.013137197439580917
2022-10-01,,,,,0.0008534505682332936,-0.007167587201473192,-0.006770684422595758,0.0007364436224174954,,,,
2022-10-02,,,,,-0.025340823712240203,-0.0061291533901763,-0.01853263625223687,-0.02366630820997784,,,,
2022-10-03,0.0321847780436476,0.0258343518813125,0.03706015587312364,0.0321847780436476,0.02177381961999727,0.02214845250448897,0.018358949124173997,0.021168127573384543,0.030449618306372543,0.02583186468130639,0.037060139623120346,0.030449618306372543
2022-10-04,0.02965210942898404,0.021093978040787997,0.0291264779165354,0.02965210942898404,0.024596952998144017,0.028333207613213597,0.017031641513468913,0.02492527472738819,0.02880958335717737,0.021093503463843973,0.029126461326429275,0.02880958335717737
2022-10-05,-0.0032365855896064836,-0.0038832655074289937,0.012097416143351034,-0.0032365855896064836,-0.004256612742547319,-0.004755505440350961,-0.00945486437255546,-0.0035389766591293432,-0.0034065901150966233,-0.003879357726985313,0.012097355381154015,-0.0034065901150966233
2022-10-06,-0.011450484466690943,-0.007683509794381182,0.00011042854777262975,-0.011450484466690943,-0.006072386991168044,-0.004183207809650764,0.00661119883574346,-0.005634859734561651,-0.010554134887437125,-0.007678356580522996,0.00011038158862311072,-0.010554134887437125
2022-10-07,-0.023496317394339133,-0.014020678804178396,-0.009860019514534558,-0.023496317394339133,-0.004199723701290223,-0.014469389530542042,-0.010944592141232305,-0.0033902786868656434,-0.020280218445497645,-0.014017542953414964,-0.009860033933437663,-0.020280218445497645
2022-10-08,,,,,-0.0031627007461755177,-0.0067280289465009215,-0.017442330460409928,-0.002555781513104664,,,,
2022-10-09,,,,,0.010305532644744566,0.003113609456065152,0.0012019724054330556,0.010450973217028661,,,,
2022-10-10,-0.0056979257390414656,0.0013817044218135243,-0.016444609595241702,-0.0056979257390414656,-0.04378364997925048,-0.0073262095924528595,-0.08763827757231459,-0.039334435165048476,-0.012045546445742966,0.0013826571026067525,-0.01644460893839991,-0.012045546445742966
2022-10-11,-0.0033305028978534044,0.015629712400815215,0.007126512090582313,-0.0033305028978534044,-0.018113253905372405,-0.010159781865520386,-0.020304242021438934,-0.01846793869382641,-0.005794294732439905,0.015631291594793102,0.007126498055830101,-0.005794294732439905
2022-10-12,-0.005622661763774912,-0.004468290191363052,-0.00234087944341481,-0.005622661763774912,0.0017588610791762663,0.0043790824062293204,0.003567937549463355,0.002128376686380125,-0.004392407956616383,-0.004463258599304498,-0.002340907350648586,-0.004392407956616383
2022-10-13,0.02967841986663329,0.01919010057317564,0.03660109830500273,0.02967841986663329,-0.016872170705753243,0.002654094473530441,-0.0313323961924992,-0.015671646307925502,0.021919988104568855,0.019182638488553925,0.036601111550487064,0.021919988104568855
2022-10-14,-0.01841214369489535,-0.011614541386990505,-0.010025155154903917,-0.01841214369489535,0.002402632020752704,0.011771091627217654,0.012432665935416788,0.004331782295131984,-0.014943014408953998,-0.011616416931600279,-0.01002515042550834,-0.014943014408953998
2022-10-15,,,,,-0.007131151020167647,-0.016317011232434758,-0.018847564872514294,-0.008548991721135523,,,,
2022-10-16,,,,,0.011621146466186614,0.006538710783537422,0.013401370894106942,0.010888005592503509,,,,
2022-10-17,0.0200606025838804,0.011919659980170364,0.010522606844397698,0.0200606025838804,0.011846976355508422,0.014286505065005284,0.028943222950168608,0.011513235480902443,0.018691664879151734,0.011922286816783156,0.010522603890234648,0.018691664879151734
2022-10-18,0.011945856181977303,0.010582285419954731,0.00391350035776198,0.011945856181977303,-0.015818455509828577,-0.009872271033508384,-0.017050062031872006,-0.015304783579259485,0.007318470900009654,0.01057999487602554,0.003913517931988222,0.007318470900009654
2022-10-19,-0.00776157460082436,-0.007647491345816333,0.0018487144627969939,-0.00776157460082436,-0.02432465924149701,-0.008626747184347467,-0.04004620584026891,-0.022381211078345953,-0.010522088707603131,-0.007649401870007746,0.0018486918803865729,-0.010522088707603131
2022-10-20,-0.004160841489002482,-0.002567896823788293,0.0009793832995299177,-0.004160841489002482,-0.002619610516268811,-0.00017019484857425942,-0.025203532482228775,-0.0019836497572445003,-0.003903969660213536,-0.0025652351226366776,0.0009793668747089853,-0.003903969660213536
2022-10-21,0.02375712927962149,0.020211964238571554,0.029101277426682427,0.02375712927962149,0.013255302797449077,0.0005449309315006023,0.013554239894400492,0.011853038933947917,0.02200682486592608,0.020211206638746718,0.029101273682016277,0.02200682486592608
2022-10-22,,,,,0.010854355840459342,0.001026501991680802,0.04678813829497897,0.009239505570275279,,,,
2022-10-23,,,,,0.019051152137463643,0.013107605584414763,0.006908149014867093,0.018242962602103185,,,,
2022-10-24,0.008125459137320445,0.017569904926007938,0.013749682066507344,0.008125459137320445,-0.0200393127323265,-0.010188317329496937,-0.02873522069497594,-0.019094702697454228,0.003431330492379288,0.01757588499565504,0.013749663119061017,0.003431330492379288
2022-10-25,0.016802467883056647,0.008615706941565656,-0.0012743723802483603,0.016802467883056647,0.0531888443019373,0.030596949942727616,0.08185905536723867,0.0493082239326275,0.022866863952870096,0.00861883164307359,-0.0012743435071816938,0.022866863952870096
2022-10-26,0.004962875049564562,0.012246829765159364,0.016563662708572704,0.004962875049564562,0.023395554187381106,0.027076459806170277,0.028611552670658357,0.023122444628638907,0.008034988239200652,0.012244412357691133,0.01656364890698153,0.008034988239200652
2022-10-27,-0.0001484410730095842,0.0014204473441678522,0.0029665627386255534,-0.0001484410730095842,-0.021055507328959756,-0.017229851289284507,-0.02446459293957542,-0.02041667122286008,-0.003632952115667947,0.0014220369565807625,0.0029665475280451796,-0.003632952115667947
2022-10-28,0.02428404944569426,0.02273825774581767,-0.017053956090170835,0.02428404944569426,0.020022714690651536,0.012996200939896925,0.025780806382007457,0.01911142136339812,0.023573826986520472,0.022742187893040174,-0.017053944337466705,0.023573826986520472
2022-10-29,,,,,0.016452207047095668,0.01041507611488134,0.013615088694849932,0.015725699815961877,,,,
2022-10-30,,,,,-0.023401822179841575,-0.011604224667956554,-0.0469823030076577,-0.021965714946412227,,,,
2022-10-31,-0.007574400264519284,-0.007472926150752557,-0.0012644845593543271,-0.007574400264519284,0.001297689207573361,-0.0031956214704958706,-0.008628662928227346,0.0011810168002504922,-0.006095718685837176,-0.007470927732553514,-0.0012644917702796569,-0.006095718685837176
2022-11-01,0.0023824155053552665,-0.0012075603485435177,0.007929836568979822,0.0023824155053552665,-0.004912792959008127,-0.0032915403392041157,-0.008547773361562533,-0.004804253152387197,0.0011665474279613675,-0.0012481828433186233,0.007929839293332607,0.0011665474279613675
2022-11-02,-0.017184054928434216,-0.01126945799460231,-0.01763886553393431,-0.017184054928434216,-0.014486227815160457,-0.018100504341216204,-0.03241429517360338,-0.013666920595499506,-0.016734417076221923,-0.011225989107080109,-0.017638869673551116,-0.016734417076221923
2022-11-03,-0.0024372190071154628,-0.004930720766191035,0.0015550751978571783,-0.0024372190071154628,0.015883857574179074,0.0033077954928625803,0.023788882372442956,0.013999322768003178,0.0006162937564336262,-0.004845672863279869,0.0015550723233221449,0.0006162937564336262
2022-11-04,0.01858260290394176,0.014362225928874178,0.010922473256085329,0.01858260290394176,0.0685059505372958,0.04430965904933458,0.051836837397495804,0.06680661819183524,0.0269031608428341,0.014622949584148923,0.010922476560383077,0.0269031608428341
2022-11-05,,,,,-0.00020999726714571263,0.001646920147499337,0.011265700754606107,-0.0010233574791432061,,,,
2022-11-06,,,,,-0.03910438366190772,-0.01697573772905469,-0.03580266384105188,-0.03656960008310168,,,,
2022-11-07,0.007644605369874352,0.01379523000993296,0.02275782346923327,0.007644605369874352,0.00012663336940262884,-0.012297125042664203,-0.00020984651322493488,-0.0012094558275393239,0.0063916100364624,0.013632035915348383,0.022757841887618983,0.0063916100364624
2022-11-08,0.0069143443870953196,0.010987282463294943,0.021653191471075625,0.0069143443870953196,-0.11677966879638127,-0.08562292982363935,-0.08994742201191845,-0.11317372709134171,-0.013701324476817447,0.010410208063279056,0.021653205925039016,-0.013701324476817447
2022-11-09,-0.02140736571925811,-0.0118519923556216,-0.02609661998721983,-0.02140736571925811,-0.14533737478270545,-0.12548857136177535,-0.12259421327919784,-0.1430238586863828,-0.04206236722983267,-0.012670366006642482,-0.026096637513860425,-0.04206236722983267
2022-11-10,0.049564450163136105,0.021890685465988075,0.012721013184173416,0.049564450163136105,0.15718182435819014,0.10098048384967444,0.13407560694906343,0.15205261093107467,0.0675006791956451,0.022749681780350313,0.012721018673409346,0.0675006791956451
2022-11-11,0.011668351522039636,-0.0047850060535018805,0.005703452236911743,0.011668351522039636,-0.017450224027057114,-0.03155355199839617,-0.02753097384006921,-0.018539574754024356,0.006815255597190179,-0.005005463461950496,0.00570346177150167,0.006815255597190179
2022-11-12,,,,,-0.031724200843263994,-0.01686216034355164,-0.030555510337095863,-0.03041703167010809,,,,
2022-11-13,,,,,-0.03424062873727751,-0.045792850336463964,-0.050946711136290145,-0.03679908950151601,,,,
2022-11-14,-0.00878482610937268,-0.0023651234768778217,0.002034097947577955,-0.00878482610937268,0.023508344251123928,0.00944818566573438,0.002063730736959165,0.022920455615046104,-0.0034026310492899113,-0.0021583989970435364,0.00203409370488066,-0.0034026310492899113
2022-11-15,0.009768660956136384,0.006836228078879507,0.002770034850710537,0.009768660956136384,0.01477058664012685,0.015087921851220213,0.009711954164494338,0.015116368897733505,0.010602315236801463,0.006972371775707675,0.0027700367786228077,0.010602315236801463
2022-11-16,-0.010351341361087306,-0.0007179929139020238,-0.00519767289618308,-0.010351341361087306,-0.018455154464827008,-0.01241299369458596,-0.01896438054110499,-0.017817363344754398,-0.011701976878377256,-0.0007696842286651731,-0.005197676932613315,-0.011701976878377256
2022-11-17,-0.0023031547499413737,0.004583485778646148,0.005586804174836079,-0.0023031547499413737,0.005198850055400296,0.0003278696247083374,-0.008374229792153763,0.005919121742178622,-0.0010528206157177623,0.004494757116669336,0.00558679862547595,-0.0010528206157177623
2022-11-18,0.005043184604821626,0.008438379301835598,0.0008312904023500252,0.005043184604821626,0.0022627748098978167,0.0049506764993061565,0.004225053994232494,0.0026179758649761205,0.004579782972334324,0.008404445661388217,0.0008312917469745247,0.004579782972334324
2022-11-19,,,,,0.007957564572855104,0.011480812017166664,0.01455605576200483,0.009048623377356284,,,,
2022-11-20,,,,,-0.04097185663900473,-0.03261626639969517,-0.0537092743020482,-0.040097482623207434,,,,
2022-11-21,0.0008225379434163571,0.003855823963772141,-0.0009487050375750208,0.0008225379434163571,-0.013766519939743083,-0.007613968831848004,0.010594846474314086,-0.012117116203560811,-0.001608971703776883,0.003646243529094747,-0.0009487101704200685,-0.001608971703776883
2022-11-22,0.014802864627182208,0.009109502857177137,0.014504212924475807,0.014802864627182208,0.03818765204158874,0.010914956945546367,0.0025414036954640846,0.03606213754117082,0.018700329196249955,0.009231170262026111,0.014504213515111886,0.018700329196249955
2022-11-23,0.003386155798051085,-0.0011646701343996963,-0.009282316324435162,0.003386155798051085,0.046008196482222,0.023931450447807322,0.06068665516467772,0.042661597413909944,0.010489829245412906,-0.0009779005390691503,-0.009282323917435428,0.010489829245412906
2022-11-24,,,,,0.01047953732323903,0.010717330156257775,0.008428651734683417,0.011997364281447216,,,,
2022-11-25,0.0007421905149644115,0.0007560215508026077,-0.0008599294750628324,0.0007421905149644115,-0.006553732974283943,-0.0015944646450925279,-0.0021981969703184236,-0.006355388528984898,-0.0004737967332436475,0.00074276503705955,-0.0008599346890356333,-0.0004737967332436475
2022-11-26,,,,,-0.003913906244352328,-0.004699381460606129,-0.006686626022870393,-0.004142765809711908,,,,
2022-11-27,,,,,-0.0016151355296764704,0.002434376795585761,0.0033262529590359735,-0.000744678882467664,,,,
2022-11-28,-0.018420829031751167,-0.009871117871317635,-0.0146319627648352,-0.018420829031751167,-0.017932822384435165,-0.010325237540599545,-0.013754073710479223,-0.017050968170488946,-0.018339494590531837,-0.009909395519336152,-0.014631959395985508,-0.018339494590531837
2022-11-29,0.004199710872548122,0.0030202880470600315,0.0027448409372078774,0.004199710872548122,0.016379010998877484,0.011226874206758483,0.007450398778243407,0.016076161134810835,0.006229594226936348,0.003007012026836083,0.0027448421875154016,0.006229594226936348
2022-11-30,0.023794226081712402,0.01722966285443592,0.0136572086625085,0.023794226081712402,0.034122282916634196,0.03595342160440016,0.031589042151468655,0.03345085122483759,0.025515568887532696,0.017191966629150086,0.013657205815066817,0.025515568887532696
2022-12-01,-0.0002670937734517388,0.0009763908172925839,-0.002984237474191388,-0.0002670937734517388,-0.02010211654273666,-0.010672427095769436,-0.008622418697799457,-0.0193224755324574,-0.0035729309016658923,0.0009796249882040714,-0.0029842374898862672,-0.0035729309016658923
2022-12-02,0.0015015822510261341,0.002869416496219779,-0.0008445963420600415,0.0015015822510261341,0.00869650707204106,0.006401592204666508,0.004930365263350553,0.008315661572145536,0.002700736387861955,0.0028947268865819682,-0.0008445996477674764,0.002700736387861955
2022-12-03,,,,,-0.019275456071140586,-0.011863627749291783,-0.014387830777725319,-0.018456959134137293,,,,
2022-12-04,,,,,0.011134860482354783,0.0058418267822105095,-0.00827768976995335,0.01016587860907239,,,,
2022-12-05,-0.017223212605578294,-0.008078087637522147,-0.007794876491853013,-0.017223212605578294,-0.0018791591478292907,-0.005277802492313935,0.002086677952114256,-0.001946310457653564,-0.01466587036262013,-0.00809212724320048,-0.00779489006832645,-0.01466587036262013
2022-12-06,-0.01234790929014816,-0.01092832083744512,-0.013163696875323337,-0.01234790929014816,0.006433327246687715,0.006735818677265392,0.0066972759430599105,0.0060963836009986115,-0.009217703200675513,-0.010939837206986748,-0.013163703821903766,-0.009217703200675513
2022-12-07,-0.0011825738283450572,0.0032025351547132312,0.0064112030306200714,-0.0011825738283450572,-0.019397341236739144,-0.01282238132458731,-0.01030518821422022,-0.018759406160853854,-0.004218368396410738,0.0032162429981833947,0.006411190499414204,-0.004218368396410738
2022-12-08,0.007090693516795498,0.004326284325776645,0.0028589206756875507,0.007090693516795498,0.02164816239338476,0.023952102681102077,0.02604076684764589,0.02193687433537657,0.009516938329560378,0.0043074429164733806,0.002858891597685271,0.009516938329560378
2022-12-09,-0.01023016726281893,-0.01649217907625913,-0.018015264194565905,-0.01023016726281893,-0.005385923408072269,-0.0028297178646479438,0.0029545546992206734,-0.005530115758831325,-0.00942279328702782,-0.016553113536021194,-0.018015261718857756,-0.00942279328702782
2022-12-10,,,,,-0.00041431654895387473,0.0006841974089545331,0.002506747585663934,-0.0003534356372782791,,,,
2022-12-11,,,,,-0.012363960479477366,-0.006164058741095031,-0.01531305730195298,-0.012099288600221652,,,,
2022-12-12,0.01662403157485824,0.0061700203964988,0.005970891990937096,0.01662403157485824,-0.0025423718663757033,0.0011218926091810899,-0.008266746009162431,-0.0017906621491642313,0.013429631001319251,0.006183229339663968,0.005970896687521479,0.013429631001319251
2022-12-13,0.008769632273229215,0.003719388090578785,0.004165889431262055,0.008769632273229215,0.022912054945997577,0.02793380784216764,0.01734416634714564,0.022366626265511363,0.01112670271869061,0.003722416820781102,0.004165874564565661,0.01112670271869061
2022-12-14,-0.008793645194072683,0.00020877568614979653,0.0020071159357494123,-0.008793645194072683,-0.010998918446365035,0.008994393694488314,0.02265170619228483,-0.008643175834843576,-0.009161190736121408,0.0001969834294739788,0.00200711659415454,-0.009161190736121408
2022-12-15,-0.02158506981452662,-0.015624106365653312,-0.015024550912200223,-0.02158506981452662,-0.0234077154992274,-0.01601586401383028,0.001940141050549729,-0.021807597143148973,-0.021888844095310084,-0.015610099817082309,-0.015024549137998179,-0.021888844095310084
2022-12-16,-0.009499489174056307,-0.005672560746013076,-0.002872103660662026,-0.009499489174056307,-0.08042107349128047,-0.044458989655652745,-0.0505432275345269,-0.07647639274340756,-0.021319753226927002,-0.00568472169476212,-0.0028720897611635185,-0.021319753226927002
2022-12-17,,,,,0.014197022017520213,0.01817812155288003,0.03618163911361226,0.014979173184987206,,,,
2022-12-18,,,,,-0.006549228491721326,-0.008184823311478734,-0.019737228909789566,-0.006744679813984628,,,,
2022-12-19,-0.006694591923182898,-0.0013204443440990123,-6.975965192044121e-06,-0.006694591923182898,-0.030900155037951897,-0.013507611134692812,-0.0029002799854778265,-0.02875193383865142,-0.010728852442311063,-0.0012840848005422091,-6.982564133554133e-06,-0.010728852442311063
2022-12-20,0.0031792629903663805,0.0011463378333515628,0.0018404702211095485,0.0031792629903663805,0.03630442386762824,0.027308030304424573,0.025227534308138067,0.03497384728869275,0.00870012313657669,0.001163346670653941,0.0018404631095258603,0.00870012313657669
2022-12-21,0.017830127277777864,0.011501585686612643,0.011329636733214596,0.017830127277777864,-0.003591498772828527,-0.004316344935978682,-0.002509836771517284,-0.004644512637784457,0.014259856269343464,0.011503249872638314,0.011329637735851123,0.014259856269343464
2022-12-22,-0.011582264695177421,-0.004735502672723321,-0.006455094329335616,-0.011582264695177421,0.00618316497357957,0.004883723886704041,0.012853939776316768,0.006727154321199031,-0.008621359750384586,-0.0047297199097198215,-0.006455112717534899,-0.008621359750384586
2022-12-23,0.007750029854520149,0.0046155447887342195,0.008221268914397468,0.007750029854520149,-0.0010842824716702953,-0.00938313693918139,-0.02368951281661645,-0.0020916874726414057,0.006277644466821743,0.004627732600245243,0.00822127723723226,0.006277644466821743
2022-12-24,,,,,-0.0009345266149806466,0.005173888557138029,0.009329642111524534,-0.0005673343908870405,,,,
2022-12-25,,,,,0.00034347157301206676,0.0002226420530776011,0.0013152366425594965,0.0005159765164720448,,,,
2022-12-26,,,,,0.01605461149027626,0.0014160097474824607,-0.004779794727763332,0.015310690391932592,,,,
2022-12-27,0.00026554827864285954,0.0013304785675239672,0.0033592211514887247,0.00026554827864285954,-0.011762568229070092,-0.010680468736104546,-0.00817567101081273,-0.01137869847424772,-0.0017391378059759658,0.0013448717207289647,0.0033592255576073878,-0.0017391378059759658
2022-12-28,-0.012808033008290866,-0.01012218778801909,-0.011972559275022943,-0.012808033008290866,-0.027080495320851314,-0.00624402392857665,0.0007208084787291174,-0.024768410540101433,-0.015186776727050936,-0.010122711695637082,-0.01197257113135329,-0.015186776727050936
2022-12-29,0.013599359712046972,0.006347095268776834,0.0026595718781950283,0.013599359712046972,-0.0006051108231715065,0.002749773130850444,-0.00241942619315584,-0.0015265793606666794,0.011231947956177222,0.006332065507649784,0.002659574043362282,0.011231947956177222
2022-12-30,-0.0018817762241893554,0.00014438526808709435,0.002331136307570295,-0.0018817762241893554,0.00041194725546174206,0.0006975073577051465,0.006664885887726957,0.0009422109620303855,-0.0014994889775808388,0.00012134395569946352,0.002331142878692143,-0.0014994889775808388
2022-12-31,,,,,0.0012423581931927934,-0.0013970693646915132,0.0023172931538555314,0.0006225248667379906,,,,
2023-01-01,,,,,0.007755602914296445,0.005145727633521821,0.005871604483253634,0.0075840244226694446,,,,
2023-01-02,,,,,0.01900434961362503,0.0047150327655708455,0.0061473404608105575,0.017979744489659135,,,,
2023-01-03,0.0022509057491670536,0.00041688798726789434,-0.010042237954593237,0.0022509057491670536,-0.0027050635667062563,-0.0025866264697722275,-0.0058741353391380535,-0.0026133592097225327,0.0014249108631881689,0.0004265313581114159,-0.010042256017756445,0.0014249108631881689
2023-01-04,0.018428178719494943,0.008739623134290503,0.006518444713818376,0.018428178719494943,0.037039870961805214,0.0060338748721106665,-0.0018419578179974527,0.029768973553219173,0.02153012742654666,0.008698422855736817,0.006518448479064744,0.02153012742654666
2023-01-05,-0.00679763801193668,0.001911102021865508,0.016217809036311377,-0.00679763801193668,-0.014915270707060857,-0.008525983157480554,-0.019568052265690805,-0.014118429222805897,-0.008150576794457378,0.0018929289588842384,0.0162177983581408,-0.008150576794457378
2023-01-06,0.023249459158050576,0.015014943877149484,0.012724154577060571,0.023249459158050576,0.02399224989900126,-0.004204636822744644,-0.02174762565764965,0.019144975560641406,0.02337325761487568,0.014934334939168712,0.012724207549576587,0.02337325761487568
2023-01-07,,,,,-0.0033150493784421474,-0.0033841457789613996,-0.009048664309506682,-0.002902824017016835,,,,
2023-01-08,,,,,0.02215294241808401,0.018265826259389023,0.0345258406341451,0.022027387334833694,,,,
2023-01-09,0.00017208903132034817,-0.016830596393613687,-0.02954624580991906,0.00017208903132034817,0.027339779788495805,0.00960777739662313,0.015070137078777135,0.02635801097463311,0.004700037490849591,-0.016785757581271606,-0.029546188873591783,0.004700037490849591
2023-01-10,0.007616604974202161,0.002131154460226147,0.006633034824884585,0.007616604974202161,0.006023627086972294,0.010014162803890695,0.0028557876995038978,0.0059849572684633565,0.007351108659663848,0.0021605047441684176,0.006633058495660279,0.007351108659663848
2023-01-11,0.00985384963869968,0.0027360730923304353,0.004163044206768635,0.00985384963869968,0.029362723562493698,0.029203684840252295,0.031105106677934202,0.029961396020554053,0.013105328625998683,0.00280573494417634,0.004163028975211367,0.013105328625998683
2023-01-12,0.007037757028810942,-0.002526934588696098,0.010104741208381982,0.007037757028810942,0.025749110740923696,0.036252354437689024,0.011064678165608077,0.025942941881691384,0.010156315980829734,-0.002484281363670461,0.010104711124403271,0.010156315980829734
2023-01-13,0.003431146425461702,0.0024652688496979414,0.0021271196299500095,0.003431146425461702,0.03391595944645198,0.05343881326602392,0.050778321577011454,0.03564487441790531,0.00851194859562675,0.0025881447121450262,0.0021271146790430018,0.00851194859562675
2023-01-14,,,,,0.034338832142037486,0.04487701159294494,0.0310609916891591,0.03432494269025127,,,,
2023-01-15,,,,,-0.0026764894860901167,0.00021057681054566886,0.007773709944775886,-0.0023339607831614085,,,,
2023-01-16,,,,,-0.004590647914346924,0.008945806601504899,0.0011867806318595076,-0.0031066201876956815,,,,
2023-01-17,-0.004052224805721268,-0.006754513546607575,-0.011780893815122474,-0.004052224805721268,-0.004905501990651051,-0.004592804742312525,-0.011276655695469207,-0.00516810072553417,-0.00419443766987623,-0.0067942179156127965,-0.011780874588827879,-0.00419443766987623
2023-01-18,-0.015965505018307232,-0.017314585001054268,-0.015585047815659562,-0.015965505018307232,-0.042835744481502354,-0.030753992088682874,-0.04411432680885485,-0.04135587566682471,-0.02044387826217308,-0.01736569434475255,-0.01558505471718316,-0.02044387826217308
2023-01-19,-0.007476202030265404,-0.0014249354225843325,0.009528566759622655,-0.007476202030265404,0.02374091325805703,0.019335620849728858,0.01949054888225832,0.02353543488784415,-0.002273349482211665,-0.001365737615330284,0.009528521762375737,-0.002273349482211665
2023-01-20,0.01531290783669132,0.008662641929762372,0.006438416830437135,0.01531290783669132,0.06451981663484793,0.06346155376003906,0.044519798419515366,0.06304964953824524,0.02351405930305075,0.00872280689418379,0.00643842996021614,0.02351405930305075
2023-01-21,,,,,-0.009632871913905806,-0.004024447452479483,-0.017491332301043716,-0.008758261266287879,,,,
2023-01-22,,,,,0.00994362955139263,-0.0018728498548749926,-0.0008586054070899296,0.00797434977240516,,,,
2023-01-23,0.011435710954858267,0.00263890392818278,-0.0023915821163611878,0.011435710954858267,0.020945304673450772,0.012946915195493881,0.018547632608415965,0.021564293016023358,0.013020643241290347,0.0026670037337046914,-0.002391602693678877,0.013020643241290347
2023-01-24,-0.0028834216294746054,-0.0027256188839720834,-0.008482018193764576,-0.0028834216294746054,-0.041702126622754424,-0.02408120658293474,-0.0416885279341932,-0.039963095618033226,-0.009353205795021241,-0.0028547783593743255,-0.00848200378036048,-0.009353205795021241
2023-01-25,0.0018486905394841722,-0.0017173859089901393,-0.0010974857967658645,0.0018486905394841722,0.03070596164236805,0.0235620679800337,0.0272074777079081,0.029742243484247616,0.0066582357232981525,-0.001661982242281573,-0.0010975167903065108,0.0066582357232981525
2023-01-26,0.008422064284225662,-0.00029605885748960285,0.0028874686054063906,0.008422064284225662,-0.0017370736202734992,-0.002951749582197908,-0.0017948765058580785,-0.002161018431032418,0.006728874633475803,-0.0003389806576755955,0.0028874996584368163,0.006728874633475803
2023-01-27,-0.0012064818542402754,-0.0060161210724865265,-0.014243705310946219,-0.0012064818542402754,0.010663978155810239,0.01281123359248246,0.029984993472549792,0.011373860047124377,0.0007719281474348106,-0.005944098582711803,-0.014243681905195909,0.0007719281474348106
2023-01-28,,,,,-0.008871756409081723,-0.0042445966431670975,-0.0077066199568962546,-0.008213594845272194,,,,
2023-01-29,,,,,0.03185076197963703,0.024106550786385107,0.011126626921262428,0.030093309483876313,,,,
2023-01-30,-0.01014423915496513,-0.0035663265185856695,-0.003348115025476741,-0.01014423915496513,-0.04704284596112843,-0.0334864399114453,-0.02424994913741496,-0.045111381331635565,-0.016294006955992344,-0.0036077624249388493,-0.003348158170824792,-0.016294006955992344
2023-01-31,0.011922802217140906,0.007676985736197149,0.014225381123415044,0.011922802217140906,0.01970616656237656,0.007868479621403015,-0.00043377036335812136,0.018360342413971775,0.013220029608013514,0.007638178726352918,0.014225357949769089,0.013220029608013514
2023-02-01,0.006518284067217187,-0.018671971206166618,0.00042869720619252314,0.006518284067217187,0.025797610005811867,0.01806427429945468,0.06505817054444685,0.024785797343700275,0.00973150505698297,-0.01860132344649426,0.0004286922205978088,0.00973150505698297
2023-02-02,0.00015704536703527584,-0.011761027116758627,-0.02582787658494563,0.00015704536703527584,-0.004085517910096637,0.004044307988218953,-0.017456964863896137,-0.0037519164327197586,-0.0005500485124867098,-0.011681768217393166,-0.025827872682726044,-0.0005500485124867098
2023-02-03,-0.012768350780830776,-0.009450213864833143,-0.0025782664512525237,-0.012768350780830776,0.013795338410564273,0.0039917564169555135,0.012977367744010378,0.012036675697475852,-0.0083410692489316,-0.009364871087696031,-0.0025782283625482025,-0.0083410692489316
2023-02-04,,,,,0.0008217074966740399,-0.0047387692133703686,-0.013568398221254097,-0.0004823116943428526,,,,
2023-02-05,,,,,-0.021485676165057387,-0.0010075240811203688,-0.02186011214801143,-0.019405416522876973,,,,
2023-02-06,-0.004594982931553284,-0.0014953195731829167,-0.0008126897399697173,-0.004594982931553284,-0.017506770629490034,-0.012545612154318209,-0.004108504899374651,-0.01681974330289262,-0.006746947547876076,-0.0014679207809098751,-0.0008126789123121928,-0.006746947547876076
2023-02-07,0.010953461048114671,0.008480536394631555,0.014513388583711609,0.010953461048114671,0.038691178326306426,0.03611755441227733,0.05064633759502146,0.037840919553698296,0.015576413927813289,0.00859898465927815,0.014513385807741684,0.015576413927813289
2023-02-08,-0.009564990182089908,-0.007295769382629354,0.002404161108629248,-0.009564990182089908,-0.015035624875278054,0.008985092387045732,-0.01704237371351625,-0.012680874416005558,-0.010476762630954598,-0.007220274775111482,0.0024041423036681516,-0.010476762630954598
2023-02-09,-0.00969477310696571,-0.0014577714363672022,-0.0025835317158407357,-0.00969477310696571,-0.05771134865422327,-0.059954164094717384,-0.07165935277710556,-0.057322182751697016,-0.017697535698175303,-0.0017825687125430695,-0.002583526661957239,-0.017697535698175303
2023-02-10,0.00760192629547806,0.012019147099155893,0.019359678453648832,0.00760192629547806,-0.0009264932442613171,0.006528006558336246,0.015535727451284174,-0.00027299076413369537,0.006180523038854832,0.012042802524065695,0.01935970016050714,0.006180523038854832
2023-02-11,,,,,0.011119083825479525,0.00825103735615493,0.009636212208593346,0.01044156664956733,,,,
2023-02-12,,,,,-0.014240155531741516,-0.0005781272216394268,-0.021548248267116325,-0.012857377112420722,,,,
2023-02-13,0.00875099441629904,0.00802106907767752,0.008331192885274886,0.00875099441629904,-0.0031842224978953057,0.02088338120631938,-0.013788372299263775,-0.0007162321277714346,0.006761791597266651,0.008079344895764324,0.008331179318425534,0.006761791597266651
2023-02-14,-0.000643929332159083,-0.006935314472627562,-0.0014973094113913273,-0.000643929332159083,0.029872183904632737,0.017836318024937743,0.050106878128791214,0.028597438100013205,0.004442089540639553,-0.00675051850380004,-0.0014973275749532642,0.004442089540639553
2023-02-15,0.0002892134172157811,-0.00023576579206474515,-0.009837521325657182,0.0002892134172157811,0.06536374685986238,0.06934120991227359,0.07428056312082587,0.06584635061675097,0.011134968990990214,1.4238487810395673e-05,-0.009837516436106485,0.011134968990990214
2023-02-16,-0.01393944574150931,-0.012971735576687893,-0.00800701732948921,-0.01393944574150931,-0.0437863949888458,-0.048693386542910395,-0.03738596391487759,-0.044193060532912644,-0.01891393728273206,-0.013237961234159308,-0.008007017563821167,-0.01891393728273206
2023-02-17,-0.0027721399648127053,0.013687502049104237,0.008018334675294381,-0.0027721399648127053,0.04882788616562266,0.050030067437827085,0.013716798704812804,0.0478205020302892,0.005827864390259856,0.01402195980678967,0.008018281643702635,0.005827864390259856
2023-02-18,,,,,0.007887810379065562,-0.002609028499598275,-0.005160647799687387,0.006841263776573538,,,,
2023-02-19,,,,,-0.010708115017883579,-0.0005759739375083975,-0.022322771620033932,-0.010310346299601727,,,,
2023-02-20,,,,,0.025052763815127686,0.02171999648971146,-0.016639274966712792,0.025097233177225828,,,,
2023-02-21,-0.017502776074307804,-0.004663619783544772,-0.008216673517297145,-0.017502776074307804,-0.01918195592707385,-0.029696642052239798,-0.023257446926101544,-0.019303397350203144,-0.01778263938310214,-0.004797092819325059,-0.008216664612358007,-0.01778263938310214
2023-02-22,-0.005551258644505817,-0.004399779259073714,-0.0035954554203348325,-0.005551258644505817,-0.0074326139069554225,-0.0029093735483893125,0.016107710616136243,-0.007037873371179414,-0.0058648178549140844,-0.00441208103171279,-0.0035954712230386993,-0.0058648178549140844
2023-02-23,0.0054789650955139645,0.002569754391038185,0.005972922158740785,0.0054789650955139645,-0.011735816425103697,-0.0007927892065992412,-0.005533897385007983,-0.011006159259848217,0.0026098348420776876,0.0025561237146712727,0.005972927647721861,0.0026098348420776876
2023-02-24,-0.00947722361510689,-0.006990847043654549,-0.005221167176583376,-0.00947722361510689,-0.03497155614609792,-0.02660979550729558,-0.0331273437495594,-0.033683859540442916,-0.013726279036938729,-0.007072684552895292,-0.005221172666869498,-0.013726279036938729
2023-02-25,,,,,-0.00247534121806664,-0.0004457109958659656,0.018659267968910816,-0.002180445086067596,,,,
2023-02-26,,,,,0.01773477469464306,0.0227083335047819,0.02136069626324844,0.017591936743690726,,,,
2023-02-27,0.0017761100564900143,0.00022842493163511532,-0.0015842636677286543,0.0017761100564900143,-0.004616748672202597,-0.0016582858750043856,-0.012271667302745757,-0.00436730544142395,0.0007106336017079122,0.00022060831435762472,-0.0015842572074469246,0.0007106336017079122
2023-02-28,-0.004292925502667183,-0.01038598647489902,-0.015201214488826572,-0.004292925502667183,-0.012715198199124325,-0.008185166956070836,-0.0031237104315078377,-0.012292761095606616,-0.005696637618743372,-0.010409688091864698,-0.015201189006458529,-0.005696637618743372
2023-03-01,-0.0010580319937396523,0.0003623105449019179,0.002876364542054777,-0.0010580319937396523,0.026136329455374235,0.013228646630404283,0.0420595843026379,0.02547155430996122,0.0034743615811126615,0.00036780277392788963,0.0028763920338240392,0.0034743615811126615
2023-03-02,0.01196363459680069,0.005907648351182123,0.003902329164441749,0.01196363459680069,-0.010070787872863439,-0.003543169921467654,-0.02537837401335185,-0.010299320883877425,0.008291230851856674,0.005906324962240413,0.0039023527464447155,0.008291230851856674
2023-03-03,0.013041698662887865,0.0038115585813680414,0.005503131173825715,0.013041698662887865,-0.022607444872867956,-0.036637674544940546,-0.0494268697824214,-0.02305634939970768,0.007100174740261895,0.003806654765485056,0.005503130173949752,0.007100174740261895
2023-03-04,,,,,-0.018808995630489187,-0.006580732245473889,-0.013908910483985456,-0.01802691756665169,,,,
2023-03-05,,,,,-0.001995698481330155,0.008215445463593008,0.007434362001059952,-0.0015808599413603087,,,,
2023-03-06,-0.001808663736776781,0.00960164975615429,0.02516238933327086,-0.001808663736776781,-0.00392180502006011,0.001977546269137375,-0.028130426835810445,-0.0036567900746793235,-0.0021608539506573357,0.009606103617600484,0.025162368166035225,-0.0021608539506573357
2023-03-07,-0.01716608729068231,-0.010705044520460696,-0.004947528682200919,-0.01716608729068231,-0.008894546655637114,-0.016328004840791395,-0.012822923932799707,-0.008243212166358944,-0.015787497184841456,-0.01070439007042206,-0.004947551757544844,-0.015787497184841456
2023-03-08,0.0031917270516937163,-0.006768805990248817,-0.017271246678043337,0.0031917270516937163,-0.02721030306671051,-0.01568673162967983,-0.040768180875076714,-0.02564442821450276,-0.0018752779680403218,-0.006769393095624253,-0.017271249362544348,-0.0018752779680403218
2023-03-09,-0.01731871782501915,-0.01150885314533767,-0.009522241443240417,-0.01731871782501915,-0.06062363391736244,-0.10115084316407738,-0.07311215791417303,-0.06104467032303808,-0.0245362038404097,-0.011508251905517419,-0.009522247306641425,-0.0245362038404097
2023-03-10,-0.013042274760361034,-0.0030222418164458846,-0.0018273895584278504,-0.013042274760361034,-0.004351473976778365,-0.017113775358437,-0.06475649707694671,-0.005636507612542807,-0.011593807963097256,-0.003019291667303852,-0.00182744846577583,-0.011593807963097256
2023-03-11,,,,,0.0018321938898936076,0.03154933767818518,-0.028639858932851106,0.0029065396566273533,,,,
2023-03-12,,,,,0.0674362877377666,0.09045165024909706,0.09475222264664328,0.06689880961447296,,,,
2023-03-13,-0.0035160180638044687,0.005884056336326776,-0.013696334105645476,-0.0035160180638044687,0.043876827588640886,0.04270366446712054,0.07150192564824298,0.044106624716421836,0.004382789544936423,0.005884867311206669,-0.01369635233363691,0.004382789544936423
2023-03-14,0.014545495217757273,0.007075732132593848,0.015122212859508821,0.014545495217757273,0.020163527323838592,0.00047717295984521795,0.03158012202994852,0.01943231094409414,0.015481833902104157,0.0070716417027059655,0.015122194083522644,0.015481833902104157
2023-03-15,-0.00968814247115212,0.004322710624018243,-0.008103431205752274,-0.00968814247115212,-0.05192990719788017,-0.026211994435122912,-0.09392217470450866,-0.049690137376375516,-0.016728436592273455,0.004329959098401778,-0.008103516065818826,-0.016728436592273455
2023-03-16,0.01420064899894593,0.001504992062971668,-0.0001207080736285416,0.01420064899894593,0.018210966972107202,0.0028182329021886987,0.034351172851836406,0.017849799924414735,0.014869035327806143,0.0015042596871271156,-0.00012072810158935749,0.014869035327806143
2023-03-17,-0.012241012240181462,-0.013456761097305533,-0.026347417885341933,-0.012241012240181462,0.06565744021574993,0.041394806814660984,0.0815746864874678,0.06459986950436146,0.0007420631691404397,-0.013462501171590936,-0.026347389776258737,0.0007420631691404397
2023-03-18,,,,,-0.022695728368747784,-0.02743455986943836,-0.02945624861693085,-0.02449607287970227,,,,
2023-03-19,,,,,0.028497063352154364,0.015480309951333223,0.017501674428568315,0.028711095211702634,,,,
2023-03-20,0.011381656021337803,0.013395418765349009,0.020006225522424797,0.011381656021337803,-0.03439950547262127,-0.02371189186534997,-0.07119636678013094,-0.03252198371054727,0.00375146243901129,0.013398500080619671,0.02000623402815746,0.00375146243901129
2023-03-21,0.008352348230895297,-0.0012675776468820971,0.00568920713939946,0.008352348230895297,0.07619108897481006,0.03055800557633862,0.05496746216144089,0.07654272191648522,0.019658805021547755,-0.00127023109623029,0.005689269343045757,0.019658805021547755
2023-03-22,-0.01994875486296806,-0.014696743411158345,-0.014793073083805624,-0.01994875486296806,-0.049332456400027216,-0.10301476517478099,0.05585926895338805,-0.050193117461686254,-0.024846038452477917,-0.014695478159804027,-0.014793087916043007,-0.024846038452477917
2023-03-23,0.0017877909140547074,0.005570201135635256,-0.0004999703130341164,0.0017877909140547074,0.04653891872498438,0.08611431689317714,0.07262296505113251,0.047314511827680254,0.009246312215876318,0.005576644153132216,-0.0004999890441749489,0.009246312215876318
2023-03-24,0.007631212702629167,0.01609519772885753,0.006193296489372858,0.007631212702629167,-0.027248347242557584,-0.028019080060876084,9.502036301853512e-05,-0.027433505401046776,0.0018179527117647104,0.016094360906456006,0.006193285318897214,0.0018179527117647104
2023-03-25,,,,,-0.0020463756958890474,0.004090988953172709,-0.02271650188943918,-0.001072763719997389,,,,
2023-03-26,,,,,0.013712003864556753,0.008508058873660775,0.021227579041304127,0.013444810182316183,,,,
2023-03-27,0.004297343942389522,0.005555793282085896,0.01577230264610221,0.004297343942389522,-0.019250616939979114,-0.011428246423824237,-0.045745111120138786,-0.01786004494701969,0.0003726837953280834,0.005554030834742436,0.015772315227743142,0.0003726837953280834
2023-03-28,0.0015994860897350029,-0.0011440554611687305,-0.0011284178781762147,0.0015994860897350029,0.02988053761945489,0.009598397560483888,-0.0012045034923761921,0.029824512248598445,0.00631299467802165,-0.0011474620411747122,-0.0011284437132060242,0.00631299467802165
2023-03-29,0.01557046620206545,0.006476560646173009,-8.715403828225441e-05,0.01557046620206545,0.02862273797752435,0.004745823488467547,0.02470695010714085,0.028855155137289444,0.0177458448313086,0.006475990013796489,-8.712985461155027e-05,0.0177458448313086
2023-03-30,0.004909293457587829,0.004720169833734691,0.0072971058580816196,0.004909293457587829,-0.00176075907499288,0.0060732624070400365,-0.024981407149677656,-0.0010981519749244319,0.003797618035491046,0.004719783372568046,0.007297114652873308,0.003797618035491046
2023-03-31,0.01245554165487161,0.0068830726149806745,0.0068528561285888445,0.01245554165487161,0.02249685501481828,0.01254557308871984,0.007009182869084152,0.022643063830782153,0.014129093881529388,0.006881923325818197,0.006852853268423055,0.014129093881529388
2023-04-01,,,,,-0.004093416876705502,0.013866266754885444,0.00466517890448763,-0.004872049309614404,,,,
2023-04-02,,,,,-0.007162079471210981,-0.019356725283640252,0.004101422880198599,-0.006920797921669535,,,,
2023-04-03,0.006940014431519134,0.010844624840347391,0.021045349984389713,0.006940014431519134,-0.0018588488543411661,0.0019812542658199776,-0.0163017771802695,-0.0020302676421040684,0.005473537217209085,0.010833780585135584,0.021045349275873034,0.005473537217209085
2023-04-04,-0.005064090563162217,0.005549948504550207,-0.00796518166643842,-0.005064090563162217,0.008769344303898264,0.003369880138106857,0.0022152731109594355,0.007956096569773728,-0.0027585180853188025,0.0055540207774828635,-0.007965181174500333,-0.0027585180853188025
2023-04-05,0.0037000673038339793,0.015326629515260442,0.020388840807614057,0.0037000673038339793,0.004589962586101925,0.0039019126686688768,0.0022671138781392196,0.004772084114648517,0.003848383184211968,0.015321033783741722,0.020388843029478833,0.003848383184211968
2023-04-06,-0.00016101982917674727,0.00022802926153768556,-0.002866421617628198,-0.00016101982917674727,-0.008989619099706548,-0.0012154444198329447,-0.013437572165810109,-0.008700180153080673,-0.001632453040931714,0.00022880501301401324,-0.002866421363360395,-0.001632453040931714
2023-04-07,,,,,-0.0007157523707202245,-0.0007902042593099248,0.0060888979700650225,-0.0002692555017712638,,,,
2023-04-08,,,,,-0.007581287504680157,0.0006462652456134824,-0.010534460786847779,-0.007340071486916366,,,,
2023-04-09,,,,,0.008575166111636202,0.008971642910747065,0.004862027329832527,0.008490873557862866,,,,
2023-04-10,0.003514247817485643,-0.0014125992906338066,-0.0025223313299973463,0.003514247817485643,0.023579695263970035,0.018575437257516363,0.030799483998714662,0.023612114411226615,0.0068584890585663754,-0.0014119935540309755,-0.0025223327443753183,0.0068584890585663754
2023-04-11,0.002569206481788522,-0.000527840529987804,0.00010885717433063062,0.002569206481788522,0.0038228605318978985,-0.005860221226841948,0.002601290243881205,0.00296581126768231,0.0027781488234734177,-0.0005235559365932918,0.00010885752938163338,0.0027781488234734177
2023-04-12,-0.002221933994919998,0.000990607037326037,0.0028003388979079493,-0.002221933994919998,-0.0047451783135010975,-0.01704744845799253,-0.020279090674311773,-0.0058055032982280005,-0.0026424747146835148,0.0009909336008735957,0.0028003383629460962,-0.0026424747146835148
2023-04-13,0.006972895720065671,0.00926052064975489,0.012330431157691654,0.006972895720065671,0.023349721921274248,0.005330530822160707,0.01711535519807172,0.02235438046406802,0.009702366753600436,0.009258668306552278,0.012330432069451903,0.009702366753600436
2023-04-14,-0.005796901834398556,-0.0042722510771435246,-0.0008918378924431217,-0.005796901834398556,0.015352888933841126,0.011857513879891798,0.022324103282407116,0.015875432686950096,-0.0022719367063586083,-0.004270255980029183,-0.0008918391379999951,-0.0022719367063586083
2023-04-15,,,,,-0.0004410469546381692,-0.004246302073717592,1.3372348388795887e-05,1.739128071185053e-05,,,,
2023-04-16,,,,,0.007813593645352734,0.006414032287441112,0.02218341904303816,0.007831487976030213,,,,
2023-04-17,0.00501314190495388,0.00024478756234748975,0.0008353908417418937,0.00501314190495388,-0.023954347127940978,-0.015469097938209055,-0.017360364012230862,-0.023792046841496182,0.00018522706613807055,0.0002507865270154395,0.0008353902643030513,0.00018522706613807055
2023-04-18,0.00031857017390728875,-0.0018783145338227899,0.004400842098744475,0.00031857017390728875,0.02048926563833755,0.018867767341064434,0.03574768119021497,0.021121504084723748,0.0036803527513123322,-0.0018881246842200527,0.004400840851334872,0.0036803527513123322
2023-04-19,0.00215018613987956,-0.000645659408093567,-0.0011239920669775952,0.00215018613987956,-0.07030638123951992,-0.022402830193072643,-0.09820830777536588,-0.06869748471603854,-0.009925908423353688,-0.000640692109987911,-0.0011239922313771745,-0.009925908423353688
2023-04-20,-0.006963271769652834,-0.005122107185423538,0.0018984813346080711,-0.006963271769652834,-0.016593825169400268,-0.009685000135899584,-0.014572642698522733,-0.016712113911966184,-0.008568364002944074,-0.005129501025126626,0.0018984812527452453,-0.008568364002944074
2023-04-21,-0.0010172047667623982,0.005585985169581788,0.012701521465917747,-0.0010172047667623982,-0.036250648570689395,-0.012708822671167902,-0.052831049064378174,-0.03564160659252717,-0.00688944540075023,0.005588669512742494,0.012701523444485857,-0.00688944540075023
2023-04-22,,,,,0.027746816801226506,0.017277023143308787,0.03140145508614403,0.026882792833799775,,,,
2023-04-23,,,,,-0.011357535930528784,0.005165413614551817,-0.007689091062004202,-0.010417533612431652,,,,
2023-04-24,0.001757089349559311,0.0017767898813463858,0.006029167180212826,0.001757089349559311,-0.006202409007347477,-0.0067582973599521,0.0075122290378003154,-0.0059112983761358765,0.00043050629007484705,0.0017689059474714037,0.006029166824298893,0.00043050629007484705
2023-04-25,-0.014954209205319131,-0.0002484380029718835,-0.006122430073261478,-0.014954209205319131,0.016867220618823685,0.0032745025327164407,0.02603445971706307,0.016618517408857537,-0.009650637567961992,-0.0002468766885962262,-0.006122429725454724,-0.009650637567961992
2023-04-26,-0.012476823412631973,-0.01946302012168892,-0.02169547658792164,-0.012476823412631973,-0.012759860883439278,-0.007030988439215904,-0.02574212854487863,-0.01196023646449113,-0.01252399632443319,-0.01946423971908505,-0.02169547646688649,-0.01252399632443319
2023-04-27,0.01466191302179606,0.005181343653293284,0.008584085541192686,0.01466191302179606,0.014932648311098052,0.015691776226242377,0.014005440660822523,0.01481249294022713,0.014707035570013054,0.00517016966943818,0.008584083812963569,0.014707035570013054
2023-04-28,0.009482238561268223,0.003609811960622252,-0.0020577857312690045,0.009482238561268223,0.003736322462608444,0.009699203967945493,0.011428697100696364,0.004058301058531714,0.008524585878158259,0.0036165242136232544,-0.002057787731671235,0.008524585878158259
2023-04-29,,,,,0.005886241885930077,0.014242144460870096,0.007745445495389637,0.006205216946969897,,,,
2023-04-30,,,,,-0.013803832708956977,-0.007336495583805242,-0.022088048363501398,-0.01336526523618432,,,,
2023-05-01,-0.0034225665792960943,0.0012108394725664617,0.0064599441262344435,-0.0034225665792960943,-0.017095930932513506,0.0018462106185177015,-0.023879958860615134,-0.017095930932513506,-0.00570146063816566,0.0012258022379915937,0.006459967039403187,-0.00570146063816566
2023-05-02,-0.01668205447422317,-0.007347611705090782,0.00333572183846103,-0.01668205447422317,0.01303856664680343,0.01354655099960457,0.015463358515712835,0.01303856664680343,-0.011728617620718737,-0.007314005100727887,0.0033357344641689966,-0.011728617620718737
2023-05-03,-0.01221749617771301,-0.009187773405948507,-0.01328679346139608,-0.01221749617771301,0.007033688642077719,0.0030324041215918085,0.0060768511631508395,0.007033688642077719,-0.009008965374414552,-0.009200686601330664,-0.013286763079086585,-0.009008965374414552
2023-05-04,-0.005351289952589209,0.0006172128733725327,-0.010275760146123431,-0.005351289952589209,-0.010527365221955643,0.0007448511174605918,-0.004656378505521961,-0.010527365221955643,-0.006213969164150282,0.0006251999777425254,-0.01027577222323301,-0.006213969164150282
2023-05-05,0.017515249613176284,0.011054765422714451,0.00973827813050392,0.017515249613176284,0.020691646115858102,0.022704593532229235,0.01000227460429646,0.020691646115858102,0.018044649030289916,0.011027962514715174,0.009738270594311678,0.018044649030289916
2023-05-06,,,,,-0.029721123498456306,-0.012682523480780788,-0.04316181133563488,-0.029721123498456306,,,,
2023-05-07,,,,,-0.011481109989431838,-0.014421246561021821,-0.007374181763207643,-0.011481109989431838,,,,
2023-05-08,-0.0006943661313251728,-0.0002931803659573282,0.0035051400144633397,-0.0006943661313251728,-0.03585792627868483,-0.01669565904164838,-0.05536696854492572,-0.03585792627868483,-0.006554959489218449,-0.0003034007329563532,0.0035051436262305297,-0.006554959489218449
2023-05-09,-0.004258718762879401,-0.004597022883684829,-0.003965256443403976,-0.004258718762879401,0.016064871833109975,0.006524192411437749,0.016738740565420292,0.016064871833109975,-0.0008714536635478385,-0.00460200626925189,-0.003965254139075977,-0.0008714536635478385
2023-05-10,-0.0017783329876314969,-0.00051194862617379,-0.0028162863478196133,-0.0017783329876314969,-0.0016382682780426987,0.0031068750957600807,0.007998711953152418,-0.0016382682780426987,-0.0017549888693666974,-0.0005077023220627233,-0.0028162933095498915,-0.0017549888693666974
2023-05-11,-0.008972948417903201,-0.0016511468414481282,-0.0031539408246514934,-0.008972948417903201,-0.02088555232312441,-0.023985561458680256,-0.008865037120161498,-0.02088555232312441,-0.010958382402106734,-0.001637128089959278,-0.0031539340883101224,-0.010958382402106734
2023-05-12,-0.0008388740546909412,0.0013906468866584597,-0.0032548784158663996,-0.0008388740546909412,0.006633145413243956,0.013098351986536975,-0.0019674213593675804,0.006633145413243956,0.0004064625232982086,0.0013957230599654297,-0.003254883739365713,0.0004064625232982086
2023-05-13,,,,,-0.006690148368844429,0.002800110582045376,-0.004004115774536085,-0.006690148368844429,,,,
2023-05-14,,,,,0.009488724033330365,0.0016875483642691828,0.025173204280678565,0.009488724033330365,,,,
2023-05-15,0.004566875681341904,-0.002883497850888741,0.005771325958200739,0.004566875681341904,0.008324650956111014,0.011478430023067756,0.029034724741487584,0.008324650956111014,0.0051931715604700895,-0.0028764385957164625,0.005771346941387884,0.0051931715604700895
2023-05-16,-0.01596931677803586,-0.014976890372522452,-0.006715299325621238,-0.01596931677803586,0.008422101567971952,0.0017666365769018085,0.02369276482513537,0.008422101567971952,-0.01190408038703456,-0.014956493988083495,-0.006715294890873492,-0.01190408038703456
2023-05-17,0.012319075380388223,-0.0013571639794398426,0.002780745038938222,0.012319075380388223,0.014914573072979954,0.008703676230103354,0.03286488439395981,0.014914573072979954,0.012751658329153513,-0.0013762562488695512,0.0027807545978729875,0.012751658329153513
2023-05-18,0.0058853739811349,0.0009266214216116708,1.2467370403155252e-05,0.0058853739811349,-0.011625633084243761,-0.013535717011474716,-0.021552806391541345,-0.011625633084243761,0.0029668728035717913,0.0008952213066051397,1.2466170124623943e-05,0.0029668728035717913
2023-05-19,-0.0024750102388178584,0.0003000336519693339,0.005615535578068827,-0.0024750102388178584,0.003288349523594647,0.004734884205880927,0.011108640579965953,0.003288349523594647,-0.0015144502784157742,0.00031190871713740557,0.00561553780511077,-0.0015144502784157742
2023-05-20,,,,,0.0049119396708774635,0.02284408123837511,0.006792079738522433,0.0049119396708774635,,,,
2023-05-21,,,,,-0.010665021585102118,0.021220231963220634,-0.00797357593069269,-0.010665021585102118,,,,
2023-05-22,0.0006733174629292172,-0.005785499141435783,-0.007935727855665682,0.0006733174629292172,0.00852947908232017,0.030640279274683133,-0.0063524658276953834,0.00852947908232017,0.0019826777328277086,-0.005820927842456438,-0.007935715308370648,0.0019826777328277086
2023-05-23,-0.007158860298573353,-0.0033001361687930377,-0.01425901196938552,-0.007158860298573353,0.008546689643816751,0.006667464002472728,0.009103179661665144,0.008546689643816751,-0.004541268641508334,-0.0033004955057498635,-0.014259026986675962,-0.004541268641508334
2023-05-24,-0.0092430297574062,-0.006646627574145682,-0.0001479937742184243,-0.0092430297574062,-0.029311627575694967,-0.023533317350953348,-0.048772434585372504,-0.029311627575694967,-0.012587796060454322,-0.0066523831072137,-0.00014800050244918503,-0.012587796060454322
2023-05-25,9.278741905413855e-05,-0.01267985123397123,-0.008351377932298636,9.278741905413855e-05,0.0006137923240644661,0.000629046302085891,0.005453126329517027,0.0006137923240644661,0.0001796215698891933,-0.012651820305149684,-0.008351364294185757,0.0001796215698891933
2023-05-26,0.008663674683658413,-0.0008668433082585428,-0.00312980144910648,0.008663674683658413,0.013862260516455062,-0.010159332235878123,0.01260736972284801,0.013862260516455062,0.009530105655791187,-0.0008848545016085936,-0.0031297901151504984,0.009530105655791187
2023-05-27,,,,,0.008685536718812826,0.017981357225693377,0.011945227883415545,0.008685536718812826,,,,
2023-05-28,,,,,0.027256993493929824,0.014593902194125477,0.033950122516600824,0.027256993493929824,,,,
2023-05-29,,,,,-0.006321640644553051,-0.015416123170080244,-0.0024495182792369473,-0.006321640644553051,,,,
2023-05-30,-0.0018190711166541518,-0.0035548109868751006,-0.011348337122616571,-0.0018190711166541518,0.009550061586042526,0.0019059391082984999,0.01822712244250898,0.009550061586042526,7.578433379529465e-05,-0.0035683057033265896,-0.011348332610447008,7.578433379529465e-05
2023-05-31,-0.004663092855496197,0.006852626312033849,0.0025780751800883583,-0.004663092855496197,-0.010968334133005764,-0.015400025666925717,-0.017073050949807704,-0.010968334133005764,-0.005713966401747791,0.006847180629958196,0.002578073034539773,-0.005713966401747791
2023-06-01,0.005148317863618266,-0.0010505571855392653,0.021366715242765497,0.005148317863618266,-0.0070050480359822205,-0.009788661536858567,0.014580712128487596,-0.0070050480359822205,0.003122756880351519,-0.0010665865169239034,0.016638538543103563,0.003122756880351519
2023-06-02,0.0195001976644241,0.012758677102232977,0.010085162250941785,0.0195001976644241,0.030470134154125517,0.07247986046055017,0.015664014745823504,0.030470134154125517,0.021328520412707667,0.012741536409367893,0.013008701231328343,0.021328520412707667
2023-06-03,,,,,-0.0032645391579624763,-0.009126367128493343,0.0005139773746799347,-0.0032645391579624763,,,,
2023-06-04,,,,,0.0019090477931811847,-0.002419567635674251,-0.009150617131726038,0.0019090477931811847,,,,
2023-06-05,-0.005896949385171216,0.0011813306177297,-0.005590604296650223,-0.005896949385171216,-0.05556741970590499,-0.04235639586980336,-0.060320126397631686,-0.05556741970590499,-0.01417536110529351,0.001178718730933419,-0.009542677329643551,-0.01417536110529351
2023-06-06,0.004403184679716094,-0.006530337745195013,-0.008709836799419658,0.004403184679716094,0.03446928333226702,0.01923113924650707,0.04501503775537742,0.03446928333226702,0.009414201121807917,-0.00651811776989299,-0.004465366503177833,0.009414201121807917
2023-06-07,0.008253330916676531,0.0003915587164243266,-0.0061871098664064645,0.008253330916676531,-0.033975661274086084,-0.023965421341886065,-0.02722230558109289,-0.033975661274086084,0.0012151655515494283,0.00037576545784312996,-0.007106908203927384,0.0012151655515494283
2023-06-08,0.004105881849056212,0.0061297266188155355,0.011987669750339578,0.004105881849056212,0.007310911144695709,0.008126438411985949,0.00034116783599709037,0.007310911144695709,0.004640053398329463,0.006130843870894331,0.011927472283981843,0.004640053398329463
2023-06-09,-0.002802731516898365,6.633322926232746e-05,0.0030317228371646364,-0.002802731516898365,-0.011508540340358876,-0.04397647816231454,0.004347542687321676,-0.011508540340358876,-0.004253699654141783,6.396445295290136e-05,0.005030200008701708,-0.004253699654141783
2023-06-10,,,,,-0.08270980281888682,-0.03153635995422458,-0.08460818540048096,-0.08270980281888682,,,,
2023-06-11,,,,,0.0016502033140609273,0.006875452107175222,0.0040235381334231485,0.0016502033140609273,,,,
2023-06-12,0.0052286646422442075,-0.0026248150944001335,-0.00011143712383498029,0.0052286646422442075,0.00048789843885728174,0.006937117849765323,-0.0017242776521691474,0.00048789843885728174,0.004438536941679719,-0.0026137139551505838,0.0005748908376504902,0.004438536941679719
2023-06-13,0.007318719029048488,0.006426263362522997,0.007545219078727313,0.007318719029048488,0.0022993820597000175,0.007747567458710524,-0.0004700274801299582,0.0022993820597000175,0.00648216286749041,0.006429884658007344,0.005274079858379442,0.00648216286749041
2023-06-14,0.00012724349296770352,0.00219581320851743,-0.0038182536338788467,0.00012724349296770352,-0.0431723460804432,-0.020130533646837055,-0.04434174030936585,-0.0431723460804432,-0.0070893547692674475,0.0022144820191784174,-0.011343086936130472,-0.0070893547692674475
2023-06-15,0.010003512200136698,0.0096650750857171,0.005071163452969606,0.010003512200136698,0.0057891036915591046,0.004535355773928179,0.018342045702479003,0.0057891036915591046,0.00930111078204043,0.009669772008955762,0.00484107079553123,0.00930111078204043
2023-06-16,0.0005502064556709698,0.0009108571145535916,0.0031655622030811814,0.0005502064556709698,0.011168012818247086,0.006609136641645715,0.02439554533277411,0.011168012818247086,0.002319840849433655,0.0009220055135365805,0.0019246877067687887,0.002319840849433655
2023-06-17,,,,,0.00953205851289305,0.012998577562707177,0.009402711838200567,0.00953205851289305,,,,
2023-06-18,,,,,-0.005460914609440515,-0.015136443164504123,-0.000997056113041208,-0.005460914609440515,,,,
2023-06-19,,,,,0.006550246328475962,0.005464972105402867,0.010430368287699748,0.006550246328475962,,,,
2023-06-20,-0.012622406708579165,-0.007571735477677655,-0.0030028600977535236,-0.012622406708579165,0.027151896154307277,0.02547708415632402,0.045140625658745916,0.027151896154307277,-0.005993356231431429,-0.007572954870099192,-0.003292225474888586,-0.005993356231431429
2023-06-21,-0.0031648906733249046,-0.0012279123689733925,0.00491444341449314,-0.0031648906733249046,0.06914386829461867,0.037910481687083254,0.06014318712845978,0.06914386829461867,0.00888656915466569,-0.001247576131401314,0.006138154548656668,0.00888656915466569
2023-06-22,-0.005592422870120342,0.008055693453362357,0.0073974058784614105,-0.005592422870120342,-0.0036441032838237077,-0.005201332139992302,0.004327457786940442,-0.0036441032838237077,-0.005267702939070903,0.008063816381675538,0.005584519604134978,-0.005267702939070903
2023-06-23,-0.007259581439822718,-0.005226861382318112,-0.003369989889909422,-0.007259581439822718,0.0747016117794201,0.020605940728226826,0.04483415901753798,0.0747016117794201,0.006400617430051085,-0.005235817851635781,-0.0024151188504820927,0.006400617430051085
2023-06-24,,,,,0.011652634564868595,-0.008892516654589776,-0.011059572330736022,0.011652634564868595,,,,
2023-06-25,,,,,-0.010868836642279276,0.00798949795047149,-0.01009913519932893,-0.010868836642279276,,,,
2023-06-26,0.006682503230795585,0.000508916451472836,-0.008231087994916491,0.006682503230795585,0.005978334015964882,0.0027391549041672993,-0.009342867051305381,0.005978334015964882,0.006565141694990468,0.0005056889410079355,-0.009295759052564348,0.006565141694990468
2023-06-27,0.007222896182025428,0.0027502957919442505,0.007571705177588282,0.007222896182025428,0.02263140143154352,0.01419436887241434,0.010718345194574664,0.02263140143154352,0.009790980390278446,0.002763342103620912,0.007441127607249086,0.009790980390278446
2023-06-28,-0.0017040372863230946,-0.0040276797297809815,0.002489342674923101,-0.0017040372863230946,-0.03996466241134235,-0.012873715265441003,-0.03991414523666815,-0.03996466241134235,-0.00808080814049297,-0.004039114704344304,-0.0013258273933247603,-0.00808080814049297
2023-06-29,0.006333876012833468,-0.0010805280226845527,0.005816373358765351,0.006333876012833468,0.029699728716752083,0.01072023874664278,0.016780323762832495,0.029699728716752083,0.010228184796819901,-0.001101353047254598,0.007342048672111677,0.010228184796819901
2023-06-30,0.008314033679412115,0.006555315986300745,0.019398876847680144,0.008314033679412115,0.09404904955033085,0.01819632937304994,0.15394902939913968,0.09404904955033085,0.022603202991231905,0.006542790560871326,0.01695789690791834,0.022603202991231905
2023-07-01,,,,,-0.0018449409424392102,0.006646775422146296,-0.033498435203130915,-0.0018449409424392102,,,,
2023-07-02,,,,,0.005238620849933817,-0.008735881843741565,0.031031684400634613,0.005238620849933817,,,,
2023-07-03,0.005677130992006776,0.003598322568950053,-0.009073788341355152,0.005677130992006776,-0.005122109370999129,0.015316656005089293,-0.03331534569729222,-0.005122109370999129,0.003877257598172459,0.003881074320275189,-0.010310078556422339,0.003877257598172459
2023-07-04,,,,,-0.01944257981250476,-0.007952965313900473,-0.04441862288038191,-0.01944257981250476,,,,
2023-07-05,-0.004240653464778885,0.0020842677974477718,-0.00038647382624246027,-0.004240653464778885,-0.015160100684215774,-0.005077977223475496,-0.006195942273159962,-0.015160100684215774,-0.006060561334685034,0.00206876929159588,-0.0009542346663542142,-0.006060561334685034
2023-07-06,-0.012084138933912192,-0.008161128851544717,-0.01229750456617437,-0.012084138933912192,-0.025132335253464935,-0.009584316920032459,-0.0031253627173988495,-0.025132335253464935,-0.014258838320504312,-0.007980284354305544,-0.011128163645180744,-0.014258838320504312
2023-07-07,0.0006819149565187499,-0.013911166542434572,-0.004613027510143933,0.0006819149565187499,0.01796298117539279,0.01785769509180346,0.009987981531544097,0.01796298117539279,0.0035620926596644227,-0.013042727016532722,-0.004013170686125285,0.0035620926596644227
2023-07-08,,,,,0.001531650931283768,0.01024498891993011,-0.016995275329326934,0.001531650931283768,,,,
2023-07-09,,,,,-0.013726282828247383,-0.019663943343958167,-0.022376684452364806,-0.013726282828247383,,,,
2023-07-10,0.004779669698334353,0.0006878233600184894,0.013270230070629932,0.004779669698334353,0.01268697689227245,0.003936062476115634,0.027649961336088484,0.01268697689227245,0.006097554230657367,0.000611133993533818,0.014650435652236745,0.006097554230657367
2023-07-11,0.014211688018259465,0.008962699297100427,-0.00014030023686558633,0.014211688018259465,0.00029969873734785323,-0.00025332999187104423,-0.0005904823072522657,0.00029969873734785323,0.011893023138107533,0.008402046061493994,-0.0005543066907000108,0.011893023138107533
2023-07-12,0.00823735096035434,-0.002605602834979438,0.00041569929887961665,0.00823735096035434,-0.004325411937046786,-0.0007564011518933373,0.01934868030323516,-0.004325411937046786,0.00614355714412082,-0.002384137146426135,0.001429297337532692,0.00614355714412082
2023-07-13,0.005613289998631371,0.0014913419697844576,0.0016774323201506622,0.005613289998631371,0.1954993284896968,0.08534328860970757,-0.0037934329877842713,0.1954993284896968,0.037260963080475606,0.002554497092765195,0.0150863673829549,0.037260963080475606
2023-07-14,-0.006609687433745771,0.0033971208307234566,-0.002262782635935313,-0.006609687433745771,-0.06154752460039318,-0.034810352277471826,-0.04263205889089928,-0.06154752460039318,-0.015765993628187005,0.002703901241750268,-0.006401671880034722,-0.015765993628187005
2023-07-15,,,,,-0.01001040605553859,0.002566505858137959,-0.029756779474168982,-0.01001040605553859,,,,
2023-07-16,,,,,-0.0053807677283610475,-0.00554321393541586,-0.013572934536562754,-0.0053807677283610475,,,,
2023-07-17,-0.0035596088175880555,-0.005350740631558653,0.001061585432412412,-0.0035596088175880555,-0.004097995284557188,-0.0017598696448673026,-0.02248736831427701,-0.004097995284557188,-0.0036493398954162448,-0.0054400617335532775,-0.0013653974122442908,-0.0036493398954162448
2023-07-18,0.005936202752823029,0.0007130699664140219,0.0031034894615823093,0.005936202752823029,0.0006437713452430377,-0.00244325797982379,0.0028928274291057142,0.0006437713452430377,0.005054130851559698,0.0006228620165686958,0.0044452559185578595,0.005054130851559698
2023-07-19,0.006037952272526241,0.008185809975994556,-0.006083416103518164,0.006037952272526241,0.029475186809692955,0.01698717931351872,0.0017142194849754646,0.029475186809692955,0.009944158028720694,0.008348198708065515,-0.004452954379579637,0.009944158028720694
2023-07-20,0.0017480758015509055,0.01563273409716274,0.011422275815654205,0.0017480758015509055,-0.00025280173185267,0.004892822090597102,-0.0007506490780578465,-0.00025280173185267,0.0014145962126503103,0.015484735604099973,0.01018936771160771,0.0014145962126503103
2023-07-21,0.004489892359851595,0.006073107052426373,-0.0007910328225945622,0.004489892359851595,-0.0015039225025845096,-0.002251858162436692,0.010328540783224436,-0.0015039225025845096,0.003490923216112246,0.005984152914085933,-0.00040339505527471663,0.003490923216112246
2023-07-22,,,,,-0.012805089144875936,0.020652334877316488,-0.024455073616095564,-0.012805089144875936,,,,
2023-07-23,,,,,0.013126348690180534,0.000847230389621644,0.03372265794989664,0.013126348690180534,,,,
2023-07-24,0.005464941830862187,0.001047678322242773,-0.00373174454638703,0.005464941830862187,-0.039110888204281935,-0.028499041665473658,-0.04278772476000483,-0.039110888204281935,-0.0019643631749951666,0.00037933252173762535,-0.007323344876409834,-0.0019643631749951666
2023-07-25,0.0034160131953540483,-0.002806007543924199,0.029463244421737523,0.0034160131953540483,0.0004515707248740953,0.0031510960970454072,-0.0020679636154543953,0.0004515707248740953,0.002921939450274057,-0.0027312193835881504,0.026837552969147537,0.002921939450274057
2023-07-26,0.0021904630775948686,0.003409563428686965,-0.011569700153183598,0.0021904630775948686,0.01536213004313094,0.010140839637225015,0.015589795875139778,0.01536213004313094,0.004385740905184213,0.0034359803509413636,-0.009583475345938133,0.004385740905184213
2023-07-27,-0.004634011643839128,-0.007236264889262764,-0.0017979893685162514,-0.004634011643839128,0.0022443134630713455,0.0011900946237114842,0.007144848189096338,0.0022443134630713455,-0.0034876241260207164,-0.006878311627031236,-0.0014224925656825711,-0.0034876241260207164
2023-07-28,0.004241321399844555,0.0026233007575282813,0.0013229789480735743,0.004241321399844555,0.007462819176447866,0.01999968220093062,-0.005259025713898976,0.007462819176447866,0.004778237695945108,0.003392303362540192,0.0005529139148788321,0.004778237695945108
2023-07-29,,,,,0.003363640436718896,-0.012995363059066598,0.008109871212517984,0.003363640436718896,,,,
2023-07-30,,,,,-0.0018887354070578285,-0.024056544790927333,0.029127969248057245,-0.0018887354070578285,,,,
2023-07-31,0.004314741590100032,-0.003976014601582325,0.00021383264524142424,0.004314741590100032,-0.01723273511035757,-0.018050512559147903,-0.01698433001485334,-0.01723273511035757,0.0007234954733570971,-0.00447395382741196,-0.0009580766563906524,0.0007234954733570971
2023-08-01,-0.0036317010240047836,-0.0053716506681274895,-0.009472387554273156,-0.0036317010240047836,0.008097901202082248,0.011920251449076817,0.007774026484176065,0.007641069560592064,-0.001676767319656945,-0.005205727237935819,-0.008394973022561043,-0.001676767319656945
2023-08-02,-0.013699281238668084,-0.008503961032553473,-0.011249161217597796,-0.013699281238668084,-0.03714694707929564,-0.02198757630223553,-0.030660252886194374,-0.03621328364338403,-0.01760722554543934,-0.008925633328916875,-0.013443770822492793,-0.01760722554543934
2023-08-03,-0.004931584621457254,-0.006938820116463605,0.0030411242775928906,-0.004931584621457254,-0.01737553628357058,0.0043027227159967195,-0.006305332086955049,-0.015601815613668015,-0.00700557656514281,-0.006618960968112723,0.0004292016559521838,-0.00700557656514281
2023-08-04,-0.002197023217300111,-0.006006885152999365,0.0031879505778224715,-0.002197023217300111,-0.007302872222976842,-0.004264634123052051,-0.005085618897551243,-0.005605530852947479,-0.003047998051579566,-0.006210438275261072,0.0002986259945399021,-0.003047998051579566
2023-08-05,,,,,0.004349784985149952,0.0034131100028181012,-0.0022296783572325184,0.004476317506492083,,,,
2023-08-06,,,,,-0.005434122335717784,-0.0031400913105977964,-0.005483917468970806,-0.005471877781952289,,,,
2023-08-07,0.00802041392341124,0.01177364659552676,0.013674746426708578,0.00802041392341124,0.007016310190832321,0.0019911033806577043,0.01929602604718999,0.006923366164107056,0.007853063301314755,0.011403843501696242,0.014503658727523773,0.007853063301314755
2023-08-08,-0.003440940743932581,-0.003919483790721196,-0.006126921160565054,-0.003440940743932581,0.014720931908673896,0.011244928368373625,0.01819361211616629,0.01423071942215565,-0.00041396196849816796,-0.003684590613988207,-0.003337508244462055,-0.00041396196849816796
2023-08-09,-0.0019255958226743846,0.0021946277668961124,-0.012078448612684175,-0.0019255958226743846,-0.002395454912777484,-0.0042182012779719445,-0.005568982006060761,-0.002391981132830668,-0.0020039056710249004,0.0021976924133823837,-0.010809502129257577,-0.0020039056710249004
2023-08-10,0.0009644399956669524,-0.0020345249693025304,0.003199091893324333,0.0009644399956669524,-0.010313452290058634,0.0007710627518333689,-0.010841472364945526,-0.009491885247445351,-0.0009152087186206452,-0.0017978444706452429,0.0013516422851716408,-0.0009152087186206452
2023-08-11,0.001675815022885709,0.006097496273362719,0.004643463026888392,0.001675815022885709,-0.0025053540918613675,-0.001173103319296426,-0.00407075604331985,-0.002685828106224357,0.0009789535037611967,0.005992321025586813,0.00434423843450309,0.0009789535037611967
2023-08-12,,,,,-3.937036608947508e-06,0.0020612834769881,-0.0007322528492360322,0.0006451302643759919,,,,
2023-08-13,,,,,-0.006202337709924488,-0.004468572769264603,-0.003369767933451904,-0.006407298772946777,,,,
2023-08-14,0.0017062775996715216,-0.0005570847797678395,0.017529229844205924,0.0017062775996715216,0.001951599250878311,0.004265921834579911,0.00608146541443877,0.002074778150797088,0.0017471645415393208,-0.0004695860723712217,0.016189130714610207,0.0017471645415393208
2023-08-15,-0.013225456282507148,-0.006474715764085408,-0.00844445563553988,-0.013225456282507148,-0.028483106955607816,-0.01120606556626097,-0.011249160042381582,-0.026880133736588763,-0.015768398061357256,-0.006667253415895169,-0.010067616608720012,-0.015768398061357256
2023-08-16,-0.008186117279367163,-0.002664435771722877,-0.004100551299057789,-0.008186117279367163,-0.03890073461971866,-0.01874278496623321,-0.036134240249275806,-0.03877125953014218,-0.013305220169425744,-0.003122725486509444,-0.008166759039758635,-0.013305220169425744
2023-08-17,-0.004655788275770239,-0.0055056563419629044,-0.011637864887477997,-0.004655788275770239,-0.08842940887497387,-0.050093287435907186,-0.08746182628843743,-0.08504810445157739,-0.018618058375637507,-0.005858685860190776,-0.02223771281837253,-0.018618058375637507
2023-08-18,0.0017330293707238818,0.0037546891268902,0.003883871782303465,0.0017330293707238818,0.006166164594595425,-0.011003622827104391,-0.01098639988485896,0.005016534863845068,0.0024718852413691387,0.0037502041756014705,0.004279315496977903,0.0024718852413691387
2023-08-19,,,,,0.01446029421699644,0.00766875259386805,0.0038823561416929473,0.012516503492916836,,,,
2023-08-20,,,,,0.016883672615801638,0.013133429257738582,0.009386074529415624,0.015143739469581403,,,,
2023-08-21,-0.0005131283529655393,-0.003192460929859098,0.013593820351554733,-0.0005131283529655393,-0.009879608817271868,-0.006019620232220573,-0.008408122435257532,-0.0084430329176095,-0.0020742084303499277,-0.0034602614107822273,0.009432164518350657,-0.0020742084303499277
2023-08-22,-0.0049044034665741655,-0.005674611034875234,-0.012358244907860963,-0.0049044034665741655,-0.014368192690346893,-7.577056370675138e-05,-0.004635203979670152,-0.013672741392879776,-0.0064817016705362865,-0.005538515081544001,-0.01167852273437567,-0.0064817016705362865
2023-08-23,0.007321780440630265,0.01075013775709621,0.02457606399311806,0.007321780440630265,0.03150211746919023,0.021424743287692158,0.02379968305227475,0.03108369037510728,0.011351836612056928,0.011151769179492234,0.024756696240429255,0.011351836612056928
2023-08-24,-0.012228581664713429,-0.00927062282695254,-0.01613492586835105,-0.012228581664713429,-0.012132670149970026,-0.011744537524863607,-0.008023972530590145,-0.011314888723429742,-0.012212596412256194,-0.00931376106215579,-0.015918660749285843,-0.012212596412256194
2023-08-25,0.004912513294952161,0.0025395337980790023,0.0022266934361703794,0.004912513294952161,-0.0010979540234162925,0.0015196868403216908,-0.003972140666726408,-0.0016071561859310553,0.003910768741890751,0.0026193138499058053,0.003009203421930116,0.003910768741890751
2023-08-26,,,,,-0.00558602193954032,0.0005282876081799382,-0.0038552764886239962,-0.004994136617825674,,,,
2023-08-27,,,,,0.009236659750104226,0.002193055466099295,0.012075620788902685,0.009751716049713002,,,,
2023-08-28,0.008364884527056863,0.003073691352184162,0.009643916428857927,0.008364884527056863,-0.005905699793415332,-0.006277242845961375,-0.00929963044448794,-0.006272696237981026,0.005986453806978165,0.0026715764976347482,0.007022592034483172,0.005986453806978165
2023-08-29,0.011982477817999241,0.0051862593052323346,0.015455099868887904,0.011982477817999241,0.055070350603778455,0.03958149881828646,0.08580731066930107,0.05643620964953653,0.019163789948962447,0.005424502242404087,0.02117465185446564,0.019163789948962447
2023-08-30,0.0015849659208836808,0.0017184573820051572,-0.0015952851472492088,0.0015849659208836808,-0.022248078588893397,-0.018481803559227343,-0.021479815089164155,-0.021775729296909182,-0.002387208164079165,0.0011379879480955298,-0.003992825193040034,-0.002387208164079165
2023-08-31,-0.0030555686910886835,-0.005260728276207866,-0.0028209262664950423,-0.0030555686910886835,-0.03801269052597048,-0.020828559496099144,-0.04429825670099664,-0.03735146328616643,-0.008881755663568981,-0.004856856217178625,-0.005526002480584106,-0.008881755663568981
2023-09-01,0.004049068438607958,-2.2768134288542847e-05,-0.0010922102664021086,0.004049068438607958,-0.012928701106311181,-0.006812257187753853,-0.0173883146379976,-0.012496341635453458,0.0012194401811214356,-0.0002580012332107284,-0.003114600177734266,0.0012194401811214356
2023-09-02,,,,,0.002151171943819353,0.007467798042260468,-0.0033948896050263254,0.0024890658164660002,,,,
2023-09-03,,,,,0.006164628955449203,0.0018256542039595744,0.004652752192866391,0.004576918406864504,,,,
2023-09-04,,,,,0.0031609911132003286,-0.0005737296625179886,-0.005317303682565861,0.0016637852931989355,,,,
2023-09-05,-0.008724813019335222,-0.00930077784143389,-0.01211210896485463,-0.008724813019335222,-0.001604615569630974,-0.0005214175877401542,-0.003530077795232344,-0.0010022112817533084,-0.007538113444384512,-0.009138985583613273,-0.01202760904654022,-0.007538113444384512
2023-09-06,-0.00417614715166231,-0.0024745911676160004,-0.009262580592731471,-0.00417614715166231,0.0014576500461318865,0.008471707934217636,0.00409358747711205,0.0015542076680929717,-0.003237180952029944,-0.001934969155579724,-0.00867855239325467,-0.003237180952029944
2023-09-07,-0.00017340816510796176,0.005669644532582364,-0.001384949976677624,-0.00017340816510796176,0.007585107840102846,0.010361199697649507,0.009225600552124734,0.007713744013376598,0.0011196778357605059,0.00563983054268032,-0.0009486785829202432,0.0011196778357605059
2023-09-08,0.002637923536046847,0.0036792139980690508,0.0003366898917176535,0.002637923536046847,-0.00505856760002702,-0.0057590215835544864,-0.005627891450838447,-0.005696520670908392,0.001355175013367869,0.0035953695265793606,0.0004968671102430651,0.001355175013367869
2023-09-09,,,,,0.0036530195165871745,-6.41744676013289e-05,-0.00028932951916300724,0.0027498225754560355,,,,
2023-09-10,,,,,-0.01358203824648161,-0.006758652762326581,-0.007966322228117282,-0.014227296226320121,,,,
2023-09-11,0.002865687446399157,0.0037092806260512158,0.006360269480707084,0.002865687446399157,-0.033173901462008853,-0.019266009533779056,-0.027906140765357832,-0.03214911587328125,-0.0031409107050021806,0.003474765039055247,0.0033238011524040155,-0.0031409107050021806
2023-09-12,0.00230824385120429,-0.0018617835147863432,0.0031888064982816384,0.00230824385120429,0.02023627737002509,0.034195187449987924,0.0447486009216876,0.023204924129033938,0.005296249437674423,-0.000872275377233336,0.005836416915919088,0.005296249437674423
2023-09-13,-0.0009672270966173916,0.00027983855338524163,-0.006640897762100331,-0.0009672270966173916,0.010910137712222902,0.009986568673228363,0.00958900349814478,0.011447086853732774,0.0010123337048559907,0.0004073050300516189,-0.005784964530739798,0.0010123337048559907
2023-09-14,0.012360870706178877,0.008837042182207997,0.011914551193120753,0.012360870706178877,0.015075647116377934,0.021073871263174893,0.023835935940813773,0.01597995559972169,0.01281333344121205,0.009662385005860273,0.012775906721453678,0.01281333344121205
2023-09-15,-0.010489077213557506,-0.00888778193499815,-0.010487270898412898,-0.010489077213557506,0.017594204754288658,0.003699494640512508,0.017635294401955964,0.017427568850747317,-0.005808530218916478,-0.008618834161859228,-0.007419616330627029,-0.005808530218916478
2023-09-16,,,,,-0.0038962074747921236,-0.003916851727467618,-0.004825255565237606,-0.0038563052517998986,,,,
2023-09-17,,,,,-0.01639326751851299,-0.001810902820978259,-0.009737858194033595,-0.015690263457318214,,,,
2023-09-18,-0.00024995003851792564,0.0010377546641265815,0.00496135365305048,-0.00024995003851792564,0.01968908084512331,0.008174024756129463,0.017952777917521822,0.019321556328442388,0.0030732217754222795,0.0011816300432206993,0.006376825833203848,0.0030732217754222795
2023-09-19,-0.0042135020148569065,0.00021390114997382406,-0.004979587708211831,-0.0042135020148569065,0.011995626949226115,0.0112177715967566,0.012763819094141593,0.011763226252283392,-0.0015119805208430718,0.00034376268955104556,-0.003594963312434254,-0.0015119805208430718
2023-09-20,-0.005264643861468341,0.0017207753494096522,-0.010625932644764927,-0.005264643861468341,-0.010665434056974475,-0.002484745617233856,-0.005092774421696717,-0.01124236062483371,-0.006164775560719364,0.001871591831956743,-0.009821387615134422,-0.006164775560719364
2023-09-21,-0.018588068789013295,-0.014066344543983929,-0.014752730733823879,-0.018588068789013295,-0.01980039929133833,-0.019130332859345605,-0.024027318284078544,-0.019364123183623617,-0.018790123872734137,-0.013864667303224028,-0.015558956441282768,-0.018790123872734137
2023-09-22,-0.0033341264056424035,-0.0014253861962259832,-0.004443464015387744,-0.0033341264056424035,0.0012225372952483827,0.00226860665065409,0.0005745779928742577,0.000855726555732009,-0.0025746824554939395,-0.0013684774045444647,-0.0040915231323821735,-0.0025746824554939395
2023-09-23,,,,,0.0025781426251764274,0.0015352187282391195,0.000239708114923689,0.0030537411498093984,,,,
2023-09-24,,,,,-0.013020335411775552,-0.006188007849409124,-0.011205421694020506,-0.012716428852934905,,,,
2023-09-25,0.002086940375641444,-0.0017573097202021124,0.0036710855113030886,0.002086940375641444,0.00871039004850741,0.006746701257227923,0.01158663340593226,0.008779440438496489,0.003190848654452438,-0.0013153922905785763,0.004309115364221547,0.003190848654452438
2023-09-26,-0.012038678588931193,-0.006361830182403826,-0.009706154769456032,-0.012038678588931193,-0.003099137163124954,-0.001022490003569136,0.003732136236903218,-0.002586973442138128,-0.010548755017963487,-0.006071061619412976,-0.008697870652218186,-0.010548755017963487
2023-09-27,-0.0014106684457594154,-0.006504476778015377,0.001780805032515171,-0.0014106684457594154,0.009322785106952891,0.006904645666280651,0.024139281243529542,0.009892905102830316,0.0003782404796926361,-0.0061994695033913355,0.003283294858757207,0.0003782404796926361
2023-09-28,0.004051206390830819,0.002116299551060348,0.009478641818547084,0.004051206390830819,0.02507332442056951,0.021033629467664558,0.02912582641744366,0.025558916050758614,0.0075548927291206,0.0021884645307885565,0.01094008335891426,0.0075548927291206
2023-09-29,-0.001064597661618716,-0.004425407945856577,-0.010677673576149672,-0.001064597661618716,0.005434094670924462,0.012079855362702554,0.00045989642824695266,0.005492666382434104,1.8517727138480245e-05,-0.0037443954625526765,-0.009556238437240539,1.8517727138480245e-05
2023-09-30,,,,,0.004049637744505442,-0.0014003087618280339,-0.002352820979031494,0.004619377066698063,,,,
2023-10-01,,,,,0.02950824562609182,0.02767074668641458,0.021759014016318867,0.0302522307562342,,,,
2023-10-02,-0.014277794548844161,-0.007134254605855159,-0.004632345163247398,-0.014277794548844161,-0.02263630601154587,-0.02263966370159841,-0.012949933626066359,-0.022864042163874426,-0.015670879792627778,-0.007467188012248208,-0.0035980239536418726,-0.015670879792627778
2023-10-03,-0.008623840049693498,-0.008282417720648635,-0.012454490692392298,-0.008623840049693498,0.00018829581268208287,0.015495053610536868,0.004919247669407034,-0.0020069744571667163,-0.007155150739297569,-0.007129614052621654,-0.015477387781548098,-0.007155150739297569
2023-10-04,0.0014587619619191331,0.005528892355450186,0.007104771790381131,0.0014587619619191331,-0.006274930158273262,-0.0029313106481212775,-0.00863097675698729,-0.0057482690643343454,0.00016981327522040064,0.004805035311636326,0.007925427700232088,0.00016981327522040064
2023-10-05,-0.0018481504494788205,-0.013270603664909522,0.0038014050304066584,-0.0018481504494788205,-0.011059632702356848,-0.011436501970785492,-0.009046185159921831,-0.010817774473698558,-0.003383397491625158,-0.013407170346524151,0.003028270437391563,-0.003383397491625158
2023-10-06,0.010572819190709796,0.0053550899757643655,0.018544956382368916,0.010572819190709796,0.009812111022711312,0.005109132026835925,-0.007059418383676809,0.009941670324174381,0.010446034496043382,0.00461939657932665,0.017445290372870854,0.010446034496043382
2023-10-07,,,,,-0.004232898693495946,0.004764682820337271,0.004575991815408456,-0.0037782608759974086,,,,
2023-10-08,,,,,-0.004816313761426894,-0.0011788922530792168,-0.004336936165846246,-0.004604435611765618,,,,
2023-10-09,0.00876392630362377,0.004102473843572537,-0.0025102646506822367,0.00876392630362377,-0.03092759364739514,-0.01705037473773295,-0.028145681653903666,-0.03032547187155976,0.0021486729784539536,0.0032763651354595497,-0.0047631063477498485,0.0021486729784539536
2023-10-10,0.008282561086268073,0.010600207320309916,0.006206275066423433,0.008282561086268073,-0.0074236072208691,-0.003351196894627543,-0.008929326757885575,-0.006898159967750941,0.005664866368411877,0.01053334642283864,0.0043677501633606316,0.005664866368411877
2023-10-11,0.003365157629009226,0.0018410118628322538,0.015589901495391223,0.003365157629009226,-0.008962957009541505,-0.010854987405784682,-0.0006299478530713545,-0.008548584483921498,0.001310471855917437,0.0014376338858326297,0.01588064442194495,0.001310471855917437
2023-10-12,-0.008311144835865696,-0.0049998257194800826,-0.007703270878274021,-0.008311144835865696,-0.008336279694453464,-0.009007328116107792,-0.00912024830956953,-0.008330208749753695,-0.008315333978963658,-0.0051923674200054365,-0.007184286384872917,-0.008315333978963658
2023-10-13,0.0011147766253742544,0.0027346734547087307,-0.013367038667283768,0.0011147766253742544,0.00703169466928315,0.005613851991388048,0.009691574065342415,0.007134530838904921,0.0021009296326924038,0.0027902496591734674,-0.01183980533445732,0.0021009296326924038
2023-10-14,,,,,0.0015492963973016472,-0.002238406521480586,-0.006733492824093793,0.001089661758917367,,,,
2023-10-15,,,,,0.006085723990029368,0.014498834274430949,0.01263167772025554,0.0060469855553129635,,,,
2023-10-16,0.01005749232970492,0.006366324231861519,0.0029714477372789544,0.01005749232970492,0.029826719180017006,0.037994932453547105,0.04135432860388812,0.030842081861397405,0.013352363471423597,0.006793224570259845,0.0069689733533369975,0.013352363471423597
2023-10-17,0.002793269700487219,0.005151408888322303,-0.004159421765455374,0.002793269700487219,-0.018865643579989568,-0.004389448700075294,-0.009661860682422254,-0.018039769960592596,-0.0008165491795922443,0.005023570157006635,-0.005159044903470633,-0.0008165491795922443
2023-10-18,-0.014298523672335571,-0.0065156162102646305,-0.022619558999075858,-0.014298523672335571,-0.006922478049449166,0.0018262523057640226,0.004530469117670978,-0.006824126301953962,-0.013069182735187828,-0.006064805399909193,-0.020760428696320422,-0.013069182735187828
2023-10-19,-0.009313396223776079,-0.004622452865070661,-0.007853831716581052,-0.009313396223776079,0.017096205176686596,0.010950917671825305,0.010018916546511266,0.014258113742985357,-0.004911795990365635,-0.004099277716579843,-0.007042465678870775,-0.004911795990365635
2023-10-20,-0.008972743882415861,0.0002190382806320423,-0.004805730724643248,-0.008972743882415861,0.02151512776330269,0.02171263343928016,0.02333248095164471,0.02321259208702739,-0.0038914319414627674,0.000380169936521195,-0.0016087967532811994,-0.0038914319414627674
2023-10-21,,,,,0.018699108965846388,0.008785900021986067,0.010330196884996553,0.018406359945897604,,,,
2023-10-22,,,,,0.00468562831336562,-0.004211577268016523,-0.008140407407654414,0.004785691141895438,,,,
2023-10-23,-0.00659698441956091,-0.0043085894122642365,0.009160850115731381,-0.00659698441956091,0.057254370553528625,0.06333030468856053,0.03821740005076894,0.058056840454967965,0.004044908075954011,-0.003729277297969504,0.012134513642571848,0.004044908075954011
2023-10-24,0.010865236461424664,0.015580289948452557,0.03416484754021352,0.010865236461424664,-5.517032091718671e-05,0.013304296862538478,-0.008793749838415866,-9.642314157214593e-06,0.00904516866436769,0.015331769601034518,0.030808778568211657,0.00904516866436769
2023-10-25,-0.012071946699170874,-0.0010933936411338281,-0.01881151257868096,-0.012071946699170874,0.003641279162773314,0.014675926836244862,0.010251062700143814,0.004379961029335585,-0.009453075722180182,-0.0007245493019833392,-0.017377800703001735,-0.009453075722180182
2023-10-26,-0.0020912306436232254,-0.0024297528275090893,-0.014811385529729455,-0.0020912306436232254,-0.0004957256077606444,-0.007942744000262698,-0.012787642760091276,-0.00024504869144023654,-0.0018253131376461283,-0.002435987997547987,-0.015624478965333727,-0.0018253131376461283
2023-10-27,-0.010091752733279386,-0.016225310529269624,-0.018159327341130543,-0.010091752733279386,-0.01083655687974755,-0.00013731873654082702,-0.006099034044120339,-0.010537454656624227,-0.010215886757690746,-0.016227052237581124,-0.01915687768371864,-0.010215886757690746
2023-10-28,,,,,0.012065201809833436,0.006089794677468872,0.011885080098559283,0.012117510769068739,,,,
2023-10-29,,,,,0.012478492769189997,0.00965898448958556,0.006709772578504721,0.012019653822841607,,,,
2023-10-30,0.010000411649502996,0.0057878358231591405,0.019894222261524163,0.010000411649502996,0.012115615043815276,0.0033325865867647048,0.00714567629307649,0.010266787295997854,0.01035294554855504,0.00650373634368547,0.018866613377683136,0.01035294554855504
2023-10-31,0.005876567388702727,0.005523347017425969,-0.011162040467901459,0.005876567388702727,0.009585151462079566,0.010116084008947647,0.010893420343474548,0.008425215661831744,0.006494664734265533,0.005718986791580126,-0.010680881369494489,0.006494664734265533
2023-11-01,0.004883111660390648,0.004025608044407806,0.003954178013081625,0.004883111660390648,0.020423321832506593,0.02639395572631332,0.021479692689242665,0.021092216507012183,0.0074731466890766395,0.004200904008332199,0.003551487099138711,0.0074731466890766395
2023-11-02,0.025794960167503007,0.014660518463393972,0.009815315962650575,0.025794960167503007,-0.010673215464948316,-0.013203200319501566,-0.015996280638674594,-0.01079602417252388,0.01971693089542779,0.014486616391595214,0.0057963611349416315,0.01971693089542779
2023-11-03,0.012794021607402126,0.0016645629884164549,0.013611845643480835,0.012794021607402126,0.005687092970192598,-0.010044130807656993,-0.00730847191101059,0.004558735129264663,0.011609533501200538,0.0015955053768478215,0.013853696491698294,0.011609533501200538
2023-11-04,,,,,0.00926673148983166,0.007812079721191042,0.007374586432274639,0.009464008132889147,,,,
2023-11-05,,,,,0.022180669055755532,0.0045073743682224506,0.00803862369856646,0.019776845461426624,,,,
2023-11-06,-0.004456576056500964,0.0009932299044831969,0.018719882609330597,-0.004456576056500964,0.029873216562228896,-0.002335158665849664,0.010493447230437047,0.026308696609291745,0.0012650560466206796,0.0009718393420052646,0.020002983169061246,0.0012650560466206796
2023-11-07,-0.0037390629774691317,0.0014528888527840756,0.0014541157462301779,-0.0037390629774691317,-0.015245608939161114,-0.002146412895467414,-0.0053782052544002435,-0.013215133106515535,-0.005656820637751129,0.001406599231057991,0.0014265320040144115,-0.005656820637751129
2023-11-08,-0.0011798844009914004,-0.0009117624131401577,0.012012408179470874,-0.0011798844009914004,0.009123363828995878,0.011454613951911276,0.01108704404405784,0.009400644978892146,0.0005373236373398133,-0.000807885069668955,0.012237802590298833,0.0005373236373398133
2023-11-09,-0.008903880726641446,-0.009849721131760143,-0.003880533881090136,-0.008903880726641446,0.018942521337077956,0.028755719986464416,0.001491366296347748,0.02403727456371585,-0.004262813716021548,-0.0098322142794521,-0.005548654463545413,-0.004262813716021548
2023-11-10,0.010646732594233557,0.0048468024421198155,0.017908828193704165,0.010646732594233557,0.01611912776409111,0.0415130715438823,0.03611501170363837,0.01785762666185103,0.011558798455876488,0.005166230007728272,0.016943218739443995,0.011558798455876488
2023-11-11,,,,,0.00038478683348709415,0.005171339217898267,0.0036621587272260762,-6.82969636754486e-05,,,,
2023-11-12,,,,,-0.0006957615929076177,0.000723784926791995,0.0009841178862549794,-0.0004645904232198351,,,,
2023-11-13,-0.0011335907036108964,0.0032374287681334268,0.0048991858931035645,-0.0011335907036108964,-0.015109750322123416,-0.010663537795590903,-0.008723646179516384,-0.015958890926687945,-0.0034629506400296493,0.0031614553576184614,0.0036365532587275787,-0.0034629506400296493
2023-11-14,0.02459404341561296,0.007310548666738903,0.012528143120025415,0.02459404341561296,-0.03211101876751308,-0.03758177644069341,-0.03617799536959996,-0.031055971307256108,0.015143199718425288,0.007052119651704399,0.010423773063691957,0.015143199718425288
2023-11-15,0.005349194798091736,0.0033724728543803057,-0.007041385111363775,0.005349194798091736,0.04185776999454001,0.03811509185374135,0.03337746482299815,0.04255886756529802,0.011433957330833112,0.00344313522589727,-0.004207353794458309,0.011433957330833112
2023-11-16,0.000763167978912289,-0.014634833496284038,0.0043053424662902184,0.000763167978912289,-0.0333948653714404,-0.03097680269365701,-0.028261614970727034,-0.03275737056551833,-0.0049298375794798255,-0.014639083932444185,0.004269440188656868,-0.0049298375794798255
2023-11-17,0.0031683198127045098,1.9079254697824542e-05,0.002554587776247409,0.0031683198127045098,-0.001351106118128609,0.010807889796467338,0.00478022481088079,-0.0010163357528641128,0.0024150821575656557,4.221752136773667e-05,0.0008688395034201655,0.0024150821575656557
2023-11-18,,,,,0.0010200089476241625,-0.003278296350614213,-0.004906237672763358,0.0008275000788836395,,,,
2023-11-19,,,,,0.01752721150821428,0.013579360172263357,0.01311921953015882,0.017192818230687766,,,,
2023-11-20,0.004432305553655234,0.003990899715774303,0.006971303847819437,0.004432305553655234,-0.012497110479452678,-0.010329968417314263,-0.015529617605205636,-0.01186564689054047,0.0016107362148039147,0.003850431984699375,0.00470958731571577,0.0016107362148039147
2023-11-21,-0.0023448833096139056,0.003219376774766893,-0.0029974737984432946,-0.0023448833096139056,-0.05277398882146188,-0.04605067695833412,-0.046430899259673065,-0.052689818846016034,-0.010749734228255233,0.002947240887378738,-0.006838417320470966,-0.010749734228255233
2023-11-22,0.0017220553186484743,-0.0008268247726569789,-0.00877066417333571,0.0017220553186484743,0.04727342608349422,0.05125420592281581,0.04655901192621592,0.04753800822953255,0.009313950446122763,-0.0005670931947737272,-0.0047834651894980386,0.009313950446122763
2023-11-23,,,,,0.003197785503091077,0.0027818942155777415,0.00529945242698228,0.002999163321836685,,,,
2023-11-24,0.002442867504645432,0.00446245096017377,-0.0016361073898380667,0.002442867504645432,0.010683066717420787,0.018564577482748777,0.01570332707192296,0.011349783325980061,0.003816234040107991,0.004566721467167407,-0.0012909288278279234,0.003816234040107991
2023-11-25,,,,,0.014944736662485992,0.020945739826437555,0.018966052607492685,0.015151770161328596,,,,
2023-11-26,,,,,-0.010789537345764112,-0.008827594606670316,-0.007690258251397117,-0.010820263571784278,,,,
2023-11-27,0.0005314905739881359,0.00044829787993652627,0.0025090774125446384,0.0005314905739881359,-0.024229064196371886,-0.03173789916543962,-0.030450425741161573,-0.024363384774262434,-0.003595268554405201,0.00018548844988184655,0.0008489822857230589,-0.003595268554405201
2023-11-28,0.002042655700020208,-0.00020992316548680947,-0.0066175671213686525,0.002042655700020208,0.01087535974875631,0.011686263935329202,0.009358370676152868,0.010707073501846123,0.0035147730414762245,-0.00016936898463369682,-0.006228499141657177,0.0035147730414762245
2023-11-29,0.004678034968830294,-0.0018046390315112969,0.0004725895455621786,0.004678034968830294,-0.00156338881621233,0.0015325079925523216,0.001821065908213759,-0.0015630433168814248,0.0036377976713231905,-0.001743788314712522,0.0005411697073162938,0.0036377976713231905
2023-11-30,0.006384512229031318,0.008821802496801267,0.006985519823221224,0.006384512229031318,-0.003735138334125721,-8.976108842475893e-05,-0.003135445545716264,-0.003517648895714958,0.004697903801838477,0.008821938105445674,0.005878082903923588,0.004697903801838477
2023-12-01,0.009225927380084266,0.0034047598450577484,0.0025864456332184665,0.009225927380084266,0.01645782673107902,0.009028993659817986,0.00014153087976240437,0.01670659793948678,0.010431243938583393,0.0036634766602304048,0.0058105230691126485,0.010431243938583393
2023-12-02,,,,,0.01966302971088343,0.010219579392935904,0.0032418003285808253,0.020075085703666985,,,,
2023-12-03,,,,,0.004459218640063989,0.00486905214202629,0.0004170157665146606,0.0046537665010338534,,,,
2023-12-04,-0.0018134092183667125,0.0012997752426355772,-0.01268376052952178,-0.0018134092183667125,0.02434106799439686,0.02434885911258803,0.019676755631815954,0.026119696525585667,0.0025456703170938823,0.0021735425935622246,-0.0018955159374422215,0.0025456703170938823
2023-12-05,-0.005261485729965479,0.0030456414842711726,-0.0020610290774522354,-0.005261485729965479,0.018389489538105593,0.01947778474104061,-0.001465401226361951,0.01999631942195862,-0.0013196565186203,0.003534819108536774,0.003584302955525905,-0.0013196565186203
2023-12-06,-0.0007160063436409096,-0.003067688519147134,-0.006445793321854703,-0.0007160063436409096,0.001323715687506553,0.0021217089673352587,0.005599147865429689,-0.0009958982783928219,-0.0003760526717829987,-0.0027420160719750144,-0.007888292359025566,-0.0003760526717829987
2023-12-07,0.004900293951280299,0.00027862921166712054,0.004674346070364214,0.004900293951280299,0.02423427798230167,-0.004664723507957491,-0.0028507480806963022,0.025462653580737238,0.008122624623117195,-2.3202487911658232e-05,0.0040844056184044086,0.008122624623117195
2023-12-08,0.00322869369613636,-0.0022049390820421608,0.009858152413690428,0.00322869369613636,0.04694566876400497,0.021412621019545115,0.024866528241304867,0.045549246534738054,0.010514856207447796,-0.001492716014761965,0.011842342126007753,0.010514856207447796
2023-12-09,,,,,0.006388985528143444,-0.004449666761568077,-0.0013620137956775616,0.006872865039596803,,,,
2023-12-10,,,,,0.0019439946326410106,0.006768357401658693,0.00784129273774108,0.0021571782476506496,,,,
2023-12-11,0.006783475745804727,0.006459504950388786,-0.002205322472802357,0.006783475745804727,-0.06588507928304639,-0.04619806677582941,-0.0448254713861284,-0.06535690201185129,-0.0053279500923371255,0.005154808756039759,-0.011146187050468855,-0.0053279500923371255
2023-12-12,0.0007978025859253553,0.003634203353971966,0.014769467874218447,0.0007978025859253553,0.006350064513168773,0.0006384425809257952,-0.00025781692770280033,0.006677788278724277,0.001723179573799259,0.0036931439045637827,0.013025346415739346,0.001723179573799259
2023-12-13,0.020902411458579087,0.01513325711643975,0.0019611987976391235,0.020902411458579087,0.03016846894188363,0.01844734864977656,0.008008730181469267,0.030878329715339804,0.02244675437246317,0.015142912469733497,0.00460531696727604,0.02244675437246317
2023-12-14,0.01449340725484245,-0.003119196252332864,-0.0048055766954390984,0.01449340725484245,0.0058804058603049054,0.011423445587177394,0.014627881287418015,0.005678156073863981,0.01305790702241953,-0.002766975683487493,-0.0034220671223968214,0.01305790702241953
2023-12-15,-0.003011783157942525,-0.004217061649430907,0.008978307466794913,-0.003011783157942525,-0.04007389396266611,-0.03535612764472013,-0.041635117503088834,-0.04064027493345712,-0.009188801625396455,-0.004994931834761077,0.00426157721610591,-0.009188801625396455
2023-12-16,,,,,0.01889895317922652,0.009679773166609387,0.011625057365561024,0.019282951880547235,,,,
2023-12-17,,,,,-0.01908536977025386,-0.012258656524068948,-0.008006920151508116,-0.019064427177156333,,,,
2023-12-18,-0.0013770380177555875,0.003942663030565095,0.008568006322974428,-0.0013770380177555875,0.0026682168001951447,0.005701798402007384,-0.008147076092319374,0.0031650844921577337,-0.0007028288814304657,0.0039655959649548475,0.011420555960761396,-0.0007028288814304657
2023-12-19,0.008156436334441006,0.003961183439816274,0.009358318999051546,0.008156436334441006,-0.013889862746785242,-0.0059139389298452985,-0.004882971314467604,-0.013814813424133968,0.00448205315423663,0.003655854470389949,0.006794543241584348,0.00448205315423663
2023-12-20,-0.01475297813585756,-0.013043740730274327,-0.021239602508360107,-0.01475297813585756,0.01919465039816033,0.025205435535086654,0.020836131320538763,0.019326968008811538,-0.009095040046854578,-0.012049866395742648,-0.01427599633910667,-0.009095040046854578
2023-12-21,0.008160532810200164,0.007630185659572034,0.02110044059831796,0.008160532810200164,0.028038946398433566,0.01353672626967671,0.018448600545640317,0.02841832878057761,0.011473601741572399,0.007668719954909935,0.019568698775954657,0.011473601741572399
2023-12-22,0.0019599641329174915,0.006554699773538473,-0.00038896007225075767,0.0019599641329174915,0.017659209009807143,0.005330485898590209,0.007296799819779033,0.018395670787943606,0.004576504945732433,0.006442051050112169,0.0006466812088868729,0.004576504945732433
2023-12-23,,,,,-0.009033084431587101,0.006215774338973084,0.009125727786574,-0.009084160266592567,,,,
2023-12-24,,,,,-0.017737058550317875,-0.009340962710669198,-0.005907263515376461,-0.018338491986957917,,,,
2023-12-25,,,,,0.03047235648036244,0.0031419687610739705,0.001659079099010738,0.028302463259824936,,,,
2023-12-26,0.006506457589898613,0.0032302897830247396,0.0072764112883525155,0.006506457589898613,-0.022479580266228292,-0.02586734292562557,-0.02691676111212374,-0.021375356623910463,0.0016754512805441288,0.0025030893131798722,0.0028188262057839016,0.0016754512805441288
2023-12-27,0.0014553578874705298,0.0037103871600799943,0.0034044870337809306,0.0014553578874705298,0.05254635573080771,0.02420963177258486,0.04245690290838703,0.05402878976393398,0.009970524194693391,0.004096926158832368,0.012157555893894292,0.009970524194693391
2023-12-28,0.0012242203691481567,0.0018770853116040446,0.0015985086456457962,0.0012242203691481567,-0.00840828058475297,-0.006897506110743927,0.0005355267096836812,-0.00947545230520455,-0.000381196456502031,0.0016307528467731003,-0.0009197057076495668,-0.000381196456502031
2023-12-29,-0.0030351187391592354,-0.00020432327796207644,-0.002927757745348512,-0.0030351187391592354,-0.018570001800694725,-0.005254711160383754,-0.004427058424143681,-0.018169768112218206,-0.005624265916081817,-0.000314382120731878,-0.005153201675835639,-0.005624265916081817
2023-12-30,,,,,0.00732226086147536,0.0019512830631920183,0.012208617970982785,0.00694969034350364,,,,
2023-12-31,,,,,-0.011748167139113263,0.00979437063566491,0.006129624378045212,-0.010700632304041575,,,,
